area,city,county,gov_id,longitude,latitude,average_price,name
越秀-麓景,广州,越秀,1938.0,113.2787362316818,23.149486038049194,31182,麓景路
萧山-萧山市区,杭州,萧山,927.0,120.27106975927973,30.159471338396568,26551,百尺溇公寓
上海周边-启东,上海,上海周边,,121.92857850914018,31.71586016573205,17207,恒大海上威尼斯
闵行-古美,上海,闵行,799.0,121.38321526867828,31.13141543277296,51540,仲义苑
奎文区-万达,潍坊,潍坊,1412.0,119.1390067542137,36.71886876926489,5148,早春园小区
萧山-萧山开发区,杭州,萧山,927.0,120.37709755074144,30.17351485934155,暂无,新兴公寓
市南-大学路,青岛,市南,1363.0,120.341904234796,36.06217397863794,60874,栖霞路散盘
海安县-海安县,南通,南通,861.0,120.44740305217434,32.508031975931914,5812,爱法山水国际
洪山-老南湖,武汉,洪山,1687.0,114.31892462966442,30.518607243465024,15489,雄楚大街附42号
思明-禾祥西路,厦门,厦门,1159.0,118.09401664502052,24.467181577145585,46790,食品饮料厂宿舍
庐阳-逍遥津,合肥,庐阳,1024.0,117.28256756516008,31.859475839718126,25945,红星路94号
五华-黑林铺,昆明,五华,2573.0,102.66556148529196,25.051060523211962,9658,正园商住群
泉山区-大润发,徐州,徐州,833.0,117.16994348936629,34.26188616556531,19118,万宁华府
河西-天塔街,天津,河西,21.0,117.19962065938455,39.07328805725126,23270,纪发大厦
未央-城北,西安,未央,2805.0,108.97613247332613,34.296787433369175,10257,汉斯啤酒厂家属院
福田区-新洲,深圳,福田区,1961.0,114.04435319402651,22.527325103724063,59415,嘉洲豪园
新华-北苑,石家庄,新华,39.0,114.44313832814976,38.067870456470494,13870,北苑法院宿舍
龙湾区,温州,温州,948.0,120.8037050755443,27.81633985509123,12467,碧桂园德信府前1号领誉园
青羊-八宝街,成都,青羊,2271.0,104.05399104236788,30.67069011841065,18643,西马棚街29号
通州-通州其它,北京,通州,10.0,116.65045470304268,39.83320830839008,暂无,台湖东区
包河-包公,合肥,包河,1026.0,117.2940961777399,31.833913624334212,16309,温馨家园
汉南-汉南其它,武汉,汉南,1691.0,114.0707151305798,30.32911544400639,11807,绿地城北岛左岸
涪陵-涪陵,重庆,涪陵,2231.0,107.39711508892685,29.698758444424566,暂无,中山医院宿舍
徐汇-田林,上海,徐汇,793.0,121.42076700997526,31.171136425089067,暂无,田林路68号
硚口-宗关,武汉,硚口,1685.0,114.22844021876945,30.584227858273934,19459,后街小区
历城-祝甸,济南,历城,1356.0,117.07323827554943,36.6864032544035,16150,花园路57号
河北-望海楼,天津,河北,23.0,117.20243023740558,39.152836382984454,29317,金海花园(河北区)
美兰-明珠,海口,海口,2206.0,110.35017155932071,20.02335264583397,暂无,锦和广场
长宁-中山公园,上海,长宁,794.0,121.40020226268035,31.21296793774752,暂无,古北路361号
即墨-即墨,青岛,即墨,1370.0,120.50827052029123,36.40223978098632,暂无,东凯涵美馆
秦淮-大光路,南京,秦淮,811.0,118.8173281814421,32.02732058594659,暂无,标营3号
沌口开发区-沌口,武汉,沌口开发区,1692.0,114.17758547993066,30.515423059479076,17284,金色港湾五期
东区-沙岗墟,中山,中山,2059.0,113.4019208947699,22.52974725900277,8598,月湾一巷
奎文区-锦绣学校,潍坊,潍坊,1412.0,119.15176061127951,36.76342453704586,6490,新元盛景花园
润州-三茅宫商圈,镇江,镇江,901.0,119.41567999122007,32.2010508516125,11311,德润华庭
盐田区-梅沙,深圳,盐田区,1965.0,114.2908395952258,22.614361485296442,89090,东部华侨城天麓
洛龙区-开元湖,洛阳,洛阳,1535.0,112.44234486632851,34.6088648637043,10705,康城逸树
黄浦-淮海中路,上海,黄浦,792.0,121.46250000644886,31.218129489923328,暂无,淮海中路827号
青秀区-仙葫,南宁,南宁,2079.0,108.44871507848008,22.814336697874104,7799,东城美景
市中-舜玉区,济南,市中,1353.0,117.01355972744379,36.63268110298228,21512,华馨园
泉港区-泉港区,泉州,泉州,1188.0,118.91899683198393,25.134249653614532,暂无,莲盛商住楼
河东-富民路,天津,河东,20.0,117.24539944956085,39.10125777247893,27809,军旅公寓
信州区-十一小商圈,上饶,上饶,1340.0,117.94739797787855,28.46804930394504,8824,翼天城
灵川县-灵川县,桂林,桂林,2109.0,110.30322595997535,25.33343875508747,暂无,盈丰路26号
西湖-嘉绿,杭州,西湖,925.0,120.11598935194252,30.285031480815547,51089,毛家桥公寓
昆山-玉山,苏州,昆山,855.0,120.96053678238934,31.35171023633503,12933,吉田国际公寓
斗门区-白蕉镇,珠海,珠海,1968.0,113.36642994957468,22.150800956888105,暂无,海湾豪宅
武侯-新双楠,成都,武侯,2273.0,103.98621267066956,30.618171510773692,20083,中筑西府兰庭
鄞州区-明楼,宁波,鄞州区,940.0,121.58601697560735,29.88854679270322,25450,忆江南小区
渭滨区-火车站,宝鸡,宝鸡,2820.0,107.15084702457442,34.366712689173184,暂无,新建路东段39号
硚口-宗关,武汉,硚口,1685.0,114.2314237593989,30.586520314813672,28487,时代新世界
新静安-大宁,上海,  新静安,795.0,121.4527881866653,31.28819218842571,85239,悦公馆(永和东路)
杨浦-东外滩,上海,杨浦,798.0,121.53455394965908,31.26150545711299,暂无,华谊星城大厦
锦江-莲花,成都,锦江,2270.0,104.10082203332476,30.630551285071128,暂无,莲花北三巷49号
城中区-河东开发区,柳州,柳州,2091.0,109.43470263578672,24.36759923065979,暂无,东祥福苑D区
城阳-家佳源,青岛,城阳,1368.0,120.4155210400588,36.30145014585696,17854,中冶圣乔维斯
庐阳-双岗,合肥,庐阳,1024.0,117.2865208945002,31.886270583514694,12169,金鸟花园
金水-北站,郑州,金水,1510.0,113.68977856753595,34.80675230954663,16053,教育厅家属院
槐荫-火车站,济南,槐荫,1354.0,116.98658245805906,36.662584065168865,16602,小纬六路6号
魏都区-魏都区,许昌,许昌,1604.0,113.82195284592774,34.03824477930981,暂无,许昌市天昌烟草公司住宅楼
槐荫-阳光100区,济南,槐荫,1354.0,116.97700382188073,36.639990405437075,20981,阳光100国际新城D区
长安-长安,西安,长安,2809.0,108.94901911447478,34.14735089921838,暂无,长安区興國花園
博罗-博罗县,惠州,惠州,2020.0,114.30297430829563,23.173728822762502,7527,东森华庭
云岩区-师大,贵阳,云岩区,2476.0,106.72249672262105,26.592992444026432,8766,相宝公寓
虹口-临平路,上海,虹口,797.0,121.49319949764359,31.259300364345673,暂无,胡家木桥路35弄
铁西-重工街,沈阳,铁西,470.0,123.3310209343116,41.82601124882144,8584,假日普罗旺斯北区
青白江-青白江,成都,青白江,2276.0,104.32181268869343,30.84996152922385,5950,绣水蓝庭
赛罕区-巨海城商圈,呼和浩特,呼和浩特,354.0,111.73003611829716,40.81767913965192,10224,春雨小区
二七-河医立交桥,郑州,二七,1508.0,113.64326080346031,34.75527494481487,10871,棉纺东路4号院
吉州区-吉州区,吉安,吉安,1301.0,115.00138657055295,27.15007310209033,暂无,鳳山蓝湾
霸州-霸州,廊坊,廊坊,204.0,116.38049547112877,39.12443200081195,暂无,圣泰骏景
奉贤-柘林,上海,  新静安,806.0,121.48828011003724,30.838570735167604,14258,海韵馨苑
张店区-张店区,淄博,淄博,1375.0,118.0334936225022,36.86610627887578,暂无,石榴苑
阜宁县-阜宁县,盐城,盐城,888.0,119.80412047943408,33.775409944962696,暂无,碧水明苑
江岸-三阳路,武汉,江岸,1683.0,114.30342834968907,30.58927997170095,16591,立兴巷8号
渭城区-渭城区,咸阳,咸阳,2835.0,108.74122723000845,34.36148756801906,6239,文景苑
姑苏-南门,苏州,姑苏,851.0,120.62830578234144,31.291025429483113,29059,南新村
天心-省政府,长沙,天心,1801.0,112.97542257058313,28.109990832723174,13034,鑫远尚玺苑二期
平谷-平谷其它,北京,平谷,15.0,117.10151021547493,40.14214772382978,暂无,金谷东园
徐汇-衡山路,上海,徐汇,793.0,121.44069365647768,31.206022666464328,暂无,淮海中路1728号
云岩区-二桥,贵阳,云岩区,2476.0,106.68101432252013,26.586399002564875,8164,北站街24号
房山-良乡,北京,房山,9.0,116.13741994339442,39.73050518620719,34035,供电局良乡家属院
市北-台东,青岛,市北,1364.0,120.35672250767513,36.08690933155479,21930,云门一路单号
婺城区-江北,金华,金华,980.0,119.66051735540084,29.1088642066079,16112,青春路191号
上城-望江,杭州,上城,921.0,120.18470558298263,30.237094148687248,40741,望江新园三园
姑苏-十全街,苏州,姑苏,851.0,120.62596766713257,31.297622085288534,26136,慧珠弄10号
昆山-玉山,苏州,昆山,855.0,120.97510222221916,31.352900164156388,暂无,玉兰公馆
通川区-中心广场,达州,达州,2395.0,107.49737078820864,31.211762348297377,5756,中心巷158号
青秀区-金湖,南宁,南宁,2079.0,108.36722577591699,22.80430656564601,10568,万町大厦
樊城区-樊城东区,襄阳,襄阳,1728.0,112.13926975453468,32.056093202019184,8354,市政花园
莱山-山海南路,烟台,烟台,1399.0,121.40649811564371,37.48635191121353,13344,天籁花园
浦东-三林,上海,浦东,802.0,121.51052294337879,31.153068075375295,55670,都林嘉苑南苑(杨南路1168弄)
长寿-长寿,重庆,长寿,2244.0,107.08103520775923,29.849086238941695,暂无,京华小区
都江堰-都江堰,成都,都江堰,2285.0,103.62468338395,30.96702521301797,暂无,山川小区(灌温路)
象山区-象山区,桂林,桂林,2104.0,110.29435840088655,25.26368635704083,暂无,桂苑
龙亭区-西湖商圈,开封,开封,1520.0,114.25839060187256,34.806182534992125,10548,东方今典
番禺-番禺广场,广州,番禺,1943.0,113.37930593247404,22.935347150511998,18482,清河东路
沙坪坝-凤天路,重庆,沙坪坝,2235.0,106.4511976512958,29.52935680346579,12546,树人小学集资房
黄岛-香江路,青岛,黄岛,1365.0,120.1654055221126,35.97781734649545,13396,江山路西小区
蔡甸-蔡甸城区,武汉,蔡甸,1692.0,114.03200604449462,30.58635095389122,8564,香格华府
江宁-江宁滨江,南京,江宁,817.0,118.59209425565977,31.8548238271342,16804,弘阳禹洲时光印象
蓝田-蓝田,西安,蓝田,2811.0,109.3037666363056,34.17110611659255,暂无,天伦小区
成华-动物园,成都,成华,2274.0,104.12032731586099,30.703213482306467,9585,四川省工业贸易学校
渝北-照母山,重庆,渝北,2241.0,106.49862046472643,29.64013881687466,17744,康田蔚蓝海A区
渭城区-渭城区,咸阳,咸阳,2835.0,108.72390553873558,34.35753681488151,4430,新运花园
普陀-桃浦,上海,普陀,796.0,121.35108004101154,31.27935965884417,暂无,白丽路103号
静安-静安寺,上海,静安,795.0,121.43731371424757,31.221110047759772,暂无,愚园路611弄
振兴区-振兴区,丹东,丹东,515.0,124.3943393073873,40.12079956302022,5877,海关家属楼
天河-东圃,广州,天河,1940.0,113.4102371486768,23.120521328741287,10386,龙怡苑
东城-崇文门,北京,东城,2.0,116.42031894250462,39.898336028860314,暂无,国瑞城中心写字楼
绿园区-绿园区,长春,绿园区,585.0,125.24975151147487,43.8945736403618,7365,中核家园
通州-万达,北京,通州,10.0,116.66260096950305,39.907577420780456,39195,西大街87号
南关区-南关区,长春,南关区,581.0,125.34434792578391,43.884558140536654,8141,二三小区
静安-南京西路,上海,静安,795.0,121.45859018724501,31.23440934696229,暂无,新闸路874号
金湾区-三灶镇,珠海,珠海,1969.0,113.34627794671705,22.044217727173415,6854,华云大厦
南岸-茶园新区,重庆,南岸,2237.0,106.6561048929739,29.50341266003409,16517,同景国际城W组团
长宁-中山公园,上海,长宁,794.0,121.42578188037905,31.225285889217005,71005,长江小区
洪山-洪山其它,武汉,洪山,1687.0,114.40461703015785,30.59567082953783,66532,华侨城原岸四期
历城-唐冶,济南,历城,1356.0,117.21544269034119,36.699909825527456,8098,唐城小区
兰山区-平安路,临沂,临沂,1454.0,118.34195780031408,35.042225486411816,8665,阳光高第
青羊-外光华,成都,青羊,2271.0,103.96260152572448,30.67323132127649,45923,中铁西城新天地
花都-旧区,广州,花都,1944.0,113.21662387925704,23.403230968356677,暂无,荔园楼
扬中市-扬中市,镇江,镇江,904.0,119.81470082204024,32.24606235916135,暂无,長江花城三区
芙蓉-晚报,长沙,芙蓉,1800.0,113.01035589835182,28.19768633547852,9886,天佑大厦
开发区-东开发区,石家庄,开发区,41.0,114.66602429031694,38.03463829595921,暂无,开发区小西帐住宅区
开发区-杏花里,大连,开发区,485.0,121.80146736856136,39.06985692255737,5733,馨家园
建邺-奥南,南京,建邺,812.0,118.6988925837002,31.965342191371565,49246,升龙天汇
玉泉区-嘉茂商圈,呼和浩特,呼和浩特,353.0,111.67411763757143,40.80065500943849,暂无,内蒙古广播电视厅住宅区
石岐区-南下市场,中山,中山,2059.0,113.38038591668631,22.511329919240627,暂无,岐关西路12号
江南区-白沙星光,南宁,南宁,2080.0,108.310587364424,22.793418593741137,暂无,汇东星世界(五一东路)
南沙-金洲,广州,南沙,1945.0,113.56052163391605,22.79572971992906,18086,南沙碧桂园
从化-旺城片区,广州,从化,1946.0,113.5744687645249,23.558888400682516,暂无,宝城路
鹿城区-五马街,温州,温州,947.0,120.65763904924832,28.01385790715159,23190,鼓楼商厦
普兰店-普兰店,大连,普兰店,486.0,121.97134043835432,39.40624691277158,暂无,中医院后身散盘
洪山-青山,武汉,洪山,1688.0,114.40581291203112,30.61748674773045,13529,现代花园B区
荔湾-西关,广州,荔湾,1937.0,113.2450150414621,23.12002611279207,暂无,文昌北路建隆大街
武昌-水果湖,武汉,武昌,1687.0,114.34443604740557,30.54839488958353,26555,水果湖广场
朝阳区-朝阳区,长春,朝阳区,583.0,125.29622127494319,43.88769474115343,8727,安居小区
江汉-武广万松园,武汉,江汉,1684.0,114.27779000919695,30.589136236334426,17020,江汉北村
锦江-琉璃场,成都,锦江,2270.0,104.09578375628486,30.60187056975844,暂无,柳江新居三期
市南-西镇,青岛,市南,1363.0,120.3037633330776,36.05792375081658,27759,康阳桃源小区
市北-浮山后,青岛,市北,1364.0,120.40833254414072,36.110345609780154,暂无,海和嘉苑东区
鄞州区-福明,宁波,鄞州区,940.0,121.59104506610315,29.87608694413459,23641,中兴社区
金山-枫泾,上海,金山,803.0,121.0102963730222,30.907970781526213,暂无,朱枫公路8678弄6113号
栾城-栾城县,石家庄,栾城,44.0,114.58938685978526,37.95706478915493,暂无,卓达阳光美墅
井陉县-井陉县,石家庄,井陉县,45.0,114.1406932047377,38.029043947715785,暂无,县委集资楼
东丽-军粮城,天津,东丽,25.0,117.45659051962495,39.046873309963274,暂无,广福商业中心
武进区-遥观镇,常州,常州,844.0,120.05730742163685,31.711340792595106,7615,宋剑湖家园
玉环县-玉环县,台州,台州,1005.0,121.23463979350815,28.12723058263643,暂无,绿地一品
未央-经开,西安,未央,2805.0,108.94973186313679,34.34478106321823,11774,恋恋北城
昆山-玉山,苏州,昆山,855.0,120.95774118500616,31.39531331122277,17684,竹园二村
荔湾-流花站前,广州,荔湾,1937.0,113.24973426019726,23.145797657513928,25301,环市西路黑山九街
西工区-下池,洛阳,洛阳,1531.0,112.43164059977077,34.659273792754696,暂无,王城路31号院
樊城区-樊城东区,襄阳,襄阳,1728.0,112.1646692593773,32.053518496422555,7758,清河小区
亭湖区-亭湖商圈,盐城,盐城,883.0,120.23712557235993,33.35593769327001,6340,阳光康居园
高新区-高新区,南昌,南昌,1244.0,115.98411586384563,28.7069417675024,16864,万科四季花城夏瑾苑
西夏区-同心路,银川,银川,3073.0,106.11585688959069,38.48692625296611,3879,建欣苑
锦江-莲花,成都,锦江,2270.0,104.10138820757513,30.63063269827951,12578,莲心苑(锦江)
禅城-张槎,佛山,禅城,1979.0,113.07127272504782,23.031658215591712,12758,领地海纳珑庭
盘龙-北辰,昆明,盘龙,2574.0,102.7256658031745,25.074258566228128,11498,江东花园一号院
朝阳-定福庄,北京,朝阳,4.0,116.55319988817713,39.91909382494122,48597,东领鉴筑
玄武-锁金村,南京,玄武,810.0,118.82000732709444,32.08296532376701,29119,花园路70号
龙岗区-布吉南岭,深圳,龙岗区,1964.0,114.15283088464257,22.603406047851557,37029,鸿润豪苑
黄浦-豫园,上海,黄浦,792.0,121.48244568224165,31.227695988578464,暂无,永寿路101号
高新-紫荆,成都,高新,2273.0,104.05237402116951,30.618502390065803,16380,紫荆嘉苑
广阳-广阳,廊坊,廊坊,197.0,116.72672099269664,39.53918115252477,暂无,和平路103号
慈溪市-前湾新区,宁波,慈溪市,944.0,121.22594962452244,30.327905557014645,10533,清芷园
荥阳市-荥阳,郑州,荥阳市,1515.0,113.39140046653476,34.796007671463606,4928,向阳街002号
胶州-胶州,青岛,胶州,1369.0,120.08767806045627,36.29523365178347,9190,龙秀山庄
昌平-西三旗,北京,昌平,12.0,116.32874760392595,40.06137144898805,49508,金榜园
鼓楼区-三坊七巷,福州,福州,1145.0,119.29345235777457,26.088113465684494,61024,新华书店宿舍
荔湾-黄沙,广州,荔湾,1937.0,113.2313992120387,23.11616749056163,暂无,铁路大厦
宝安区-曦城,深圳,宝安区,1963.0,113.9061071471978,22.59149905391559,112509,招商华侨城曦城一二期
京口-梦溪商圈,镇江,镇江,900.0,119.47414058514956,32.21594546347363,8075,怡心小苑
南明区-小河转盘,贵阳,南明区,2475.0,106.67760664670985,26.51444710333612,8729,菊花洞社区
朝阳区-朝阳区,长春,朝阳区,583.0,125.26808087751715,43.851608235984564,暂无,浑江街475-1号
大鹏新区-大鹏半岛,深圳,大鹏新区,1964.0,114.51322290946229,22.590970382688962,暂无,雲海之家
斗门区-白蕉镇,珠海,珠海,1968.0,113.36043292482604,22.152273658461432,13888,湖星水岸华庭二期
渝北-松树桥,重庆,渝北,2241.0,106.51023056278277,29.586031758513354,8460,金绸花园
南开-嘉陵道街,天津,南开,22.0,117.13031579351654,39.12710135327735,31911,雅川家园
渝中-大坪,重庆,渝中,2232.0,106.50833406080878,29.535558082508913,16800,V8小区
杨浦-黄兴公园,上海,杨浦,798.0,121.54267149320394,31.30621983913655,47871,翔殷路269弄小区
成华-驷马桥,成都,成华,2274.0,104.10259458464184,30.701845918021924,14382,台州商人大厦
海珠-沙园,广州,海珠,,,,37514,荔福路一街
浦东-碧云,上海,  新静安,802.0,121.59156615318862,31.241370208603772,94060,晓园
越秀-五羊新城,广州,越秀,1938.0,113.31398528066872,23.119447777090322,45189,海平阁
金湾区-红旗镇,珠海,珠海,1969.0,113.33315508524653,22.098886522566904,14101,金地扑满花园
顺德-顺德碧桂园,佛山,顺德,1981.0,113.27748196045509,22.94894211166723,18841,顺德碧桂园北区（洋房）
西乡塘区-朝阳,南宁,南宁,2081.0,108.31112634290554,22.814217381979326,11216,融昌·邕江银座
徐汇-衡山路,上海,徐汇,793.0,121.44882877847205,31.207569069421897,暂无,衡山路27号
南城区-西平,东莞,东莞,2058.0,113.75199211138779,22.992544323295668,暂无,天利中央花园
汉阳-钟家村,武汉,汉阳,1686.0,114.27295313952372,30.546387618576563,暂无,晴川巷60号
宽城区-宽城区,长春,宽城区,582.0,125.34577976184408,43.935882316817725,暂无,雅园
姑苏-平江路,苏州,姑苏,851.0,120.63532292760559,31.317244734227877,暂无,中家桥巷散盘
荔湾-西华路,广州,荔湾,1937.0,113.25032692648928,23.125986362085172,暂无,和安南30号
江汉-武广万松园,武汉,江汉,1684.0,114.27242581709085,30.591391746957974,22501,东一时区
云岩区-黔灵山,贵阳,云岩区,2476.0,106.70062798698666,26.591615219757013,13056,北京路205号院
铜梁-铜梁,重庆,铜梁,2250.0,106.0641119748276,29.8258578723862,6687,展图映月
顺德-容桂,佛山,顺德,1981.0,113.27495493208427,22.769114403146286,8270,海富大厦
丰台-六里桥,北京,丰台,5.0,116.30642281059757,39.89315649046721,暂无,莲花池西路8号院
朝阳区-朝阳区,长春,朝阳区,583.0,125.29051155793131,43.85968448494861,9830,长久家苑二区
渝北-回兴,重庆,渝北,2241.0,106.61666193692791,29.668798312488562,8877,富渝苑B区
北仑区-新碶,宁波,北仑区,938.0,121.84811743193218,29.909382314000087,13419,隆顺欣园
武侯-川音,成都,武侯,2273.0,104.07475442051144,30.634185066760487,13394,一环路南二段5号
淄川区-淄川区,淄博,淄博,1374.0,118.0004888507506,36.694300626732996,3471,双凤生活区
琼山-滨江,海口,海口,2205.0,110.39843292900652,19.977931679248183,14188,农信大院
闵行-春申,上海,  新静安,799.0,121.41520849035628,31.099549795286283,65262,中海寰宇天下
芙蓉-晚报,长沙,芙蓉,1800.0,113.00868809738743,28.21366567550565,13909,长沙市国土资源局芙蓉区分局
昌邑市-昌邑市,潍坊,潍坊,1420.0,119.43560585487707,36.850318777384494,暂无,贵和堂小区
海城区-海城区,北海,北海,2128.0,109.12710011429456,21.465563431610647,4022,深港花园
南明区-钻石广场,贵阳,南明区,2475.0,106.72384861611614,26.57176271583145,19254,观水路43号
鼓楼区-九龙湖,徐州,徐州,830.0,117.19308528597792,34.29773971150182,8010,荆南小区
吴江-盛泽,苏州,吴江,852.0,120.63263149967369,30.896389071024753,暂无,立新国贸中心
海曙区-白云,宁波,海曙区,935.0,121.5207532345228,29.864414563794284,17622,阳光城
武陵区-高山街,常德,常德,1862.0,111.70025464700012,29.02615483258339,10849,经泽新街坊
成华-龙潭寺,成都,成华,2274.0,104.15653705193304,30.70609765670334,15506,中国铁建北湖国际城溪檀三期
天元区-神农城,株洲,株洲,1813.0,113.12185201030756,27.80273271976037,暂无,晋合湘水湾四期
江汉-长港路,武汉,江汉,1684.0,114.24971834666263,30.612952630996414,15050,天梨豪园
海曙区-段塘,宁波,海曙区,935.0,121.50655590233718,29.8382645076476,14051,绿荷苑南
花都-旧区,广州,花都,1944.0,113.19878989383692,23.401922987585998,16710,澳景蓝庭
吴中-城南,苏州,吴中,849.0,120.63606989176778,31.25841225648961,20251,碧波二村
锦江-莲花,成都,锦江,2270.0,104.09420087021864,30.636204132879023,暂无,莲桂西路121号
武侯-双楠,成都,武侯,2273.0,104.02425380566716,30.65109127994098,17822,康河郦景一期
遂川县-遂川县,吉安,吉安,1309.0,114.51416982683331,26.320120587248308,暂无,江津锦苑
包河-周谷堆,合肥,包河,1026.0,117.31170773616795,31.84170305804986,13065,文昌雅居
杏花岭区-东山北商圈,太原,杏花岭区,222.0,112.59152966780009,37.92221049588196,暂无,金地商置·花园道
市北-水清沟,青岛,市北,1364.0,120.38637612694706,36.134808067872974,17799,乐平路
大渡口-步行街,重庆,大渡口,2233.0,106.48208168211714,29.473685660476534,7061,洄龙苑
钟楼区-奔牛,常州,常州,842.0,119.84327841535072,31.79067395610832,11391,金源华庭
越秀-麓景,广州,越秀,1938.0,113.27919957011541,23.14268263595817,34270,黄田小区
玉泉区-嘉茂商圈,呼和浩特,呼和浩特,353.0,111.67384864526336,40.80271198913367,10796,电力二区
南岸-南坪,重庆,南岸,2237.0,106.57070959042841,29.53480625670657,6564,玛瑙溪
虹口-北外滩,上海,  新静安,797.0,121.50034684094405,31.251762232099182,77335,和泰玫瑰园
西城-西四,北京,西城,3.0,116.38494868886364,39.93289151295103,暂无,平安商务办公楼
惠济-邙山,郑州,惠济,1512.0,113.51999890100154,34.906466192900794,12229,正商河峪洲
通州-北关,北京,通州,10.0,116.64339820493996,39.919271709137575,39746,永顺北街
朝阳-燕莎,北京,朝阳,4.0,116.4754278991514,39.951465381228616,89314,亮马名居
金牛-抚琴小区,成都,金牛,2272.0,104.03493329557476,30.684974763902826,11865,二环路西三段93号
安吉县-安吉县,湖州,湖州,971.0,119.65878998778959,30.6096213053401,10337,幸福里(安吉县)
云岩区-大西门,贵阳,云岩区,2476.0,106.70137028174587,26.583070463075924,10829,延安南巷8号
桥西-平安公园,石家庄,桥西,38.0,114.50444583937208,38.03796654088092,15597,四中路10号
惠城-河南岸,惠州,惠州,2018.0,114.42005483497887,23.07532343073379,暂无,强兴楼
海城区-海城区,北海,北海,2128.0,109.1507353818812,21.479457561772342,5002,富美苑
巴南-鱼洞,重庆,巴南,2242.0,106.52240922960371,29.375649182565347,暂无,工农坡(巴南)
番禺-番禺广场,广州,番禺,1943.0,113.3830208676147,22.92822143632076,13307,龙珠明苑
振兴区-振兴区,丹东,丹东,515.0,124.39620822094015,40.12925361569947,4616,二纬路
南开-万兴街,天津,南开,22.0,117.1515900979142,39.125173814203244,34768,春晓花园
武昌-团结大道,武汉,武昌,1689.0,114.36439964793246,30.600481389558396,暂无,铁机村还建楼
香洲区-前山,珠海,珠海,1967.0,113.52144880981228,22.24615184500833,21299,晴朗明珠
武昌-首义,武汉,武昌,1687.0,114.30206980516171,30.54945410294464,19675,解放路海马巷60号
天心-省政府,长沙,天心,1801.0,112.98048954855982,28.100194218856007,暂无,长沙国土资源局
虹口-凉城,上海,虹口,797.0,121.47494497109156,31.291314091600018,45315,凉城二村
杨浦-控江路,上海,杨浦,798.0,121.54894468201431,31.289679878314107,51010,控江路26号
天府新区-南湖,成都,天府新区,2279.0,104.05686212158302,30.50776050059284,8149,正北上街131号
城关区-西关南关,兰州,兰州,2919.0,103.83083392108374,36.05224819500967,12274,静宁路177号
汝阳县-汝阳县,洛阳,洛阳,1540.0,112.47028002781171,34.14816888426479,暂无,鸿祥家苑
黄岛-薛家岛,青岛,黄岛,1365.0,120.22526137418413,35.96442526746548,9207,泽润金融广场
房山-良乡,北京,房山,9.0,116.13126003951186,39.74100709287875,26900,北潞华家园
莱西-莱西,青岛,莱西,1372.0,120.51425573130108,36.87957774988217,7223,盛泰万象园
小店区-亲贤商圈,太原,小店区,220.0,112.54829373587742,37.82912074990581,暂无,三晋开发公司宿舍
南区-广珠公路南,中山,中山,2059.0,113.36487502406011,22.499952834111152,19384,中澳滨河湾一期
路桥区-路桥区,台州,台州,1004.0,121.38254412794468,28.534746851509137,10600,东泰枫尚华庭
海曙区-古林,宁波,海曙区,935.0,121.45559006321915,29.85845462645207,18646,迪赛缘园
龙泉驿-龙泉驿城区,成都,龙泉驿,2275.0,104.25346959187156,30.57016769428497,9373,怡和新城D2区
黄浦-人民广场,上海,黄浦,792.0,121.47089199377182,31.228579341533145,暂无,威海路12弄
下花园-下花园,张家口,张家口,152.0,115.28889305904072,40.49487677622988,12262,启城建筑
鼓楼区-九龙湖,徐州,徐州,830.0,117.18789514725208,34.28924643813725,15619,九龙湖水景花苑
和平-体育馆街,天津,和平,19.0,117.19713112004361,39.11188312508799,46601,福泰温泉公寓
宝安区-西乡,深圳,宝安区,1963.0,113.84308550211685,22.63464347653726,暂无,航城星座公馆
虹口-鲁迅公园,上海,虹口,797.0,121.47779307898813,31.26994365709675,暂无,花园路48号
成华-猛追湾,成都,成华,2274.0,104.0973787732654,30.67319205971169,17476,一环路东一段
奉贤-奉城,上海,奉贤,806.0,121.65567778697704,30.906723431620158,18829,中建公元名邸(别墅)
金山-亭林,上海,金山,803.0,121.33669166893185,30.845691095814942,暂无,市中路142号
渝北-人和,重庆,渝北,2241.0,106.535366176088,29.621703391913233,9811,万寿山社区
增城-福和镇,广州,增城,1947.0,113.63671011355085,23.359971301127658,暂无,南闸一路23号
江北-观音桥,重庆,江北,2234.0,106.5247529033315,29.58295816027107,12206,北部尚座
金水-汽配大世界,郑州,金水,1510.0,113.68390193244684,34.812242536010835,暂无,国泰ONE
静安-曹家渡,上海,静安,795.0,121.43642982258702,31.2252210613414,106235,万航渡路433弄
临海市-临海市,台州,台州,1010.0,121.16909597074898,28.86659204295977,10286,中心区商业街小区
宽城区-宽城区,长春,宽城区,582.0,125.31681409837692,43.96890468369279,暂无,华源公园1号
渝中-大坪,重庆,渝中,2232.0,106.52749877281299,29.538357906911674,15299,江屿朗廷
黄浦-老西门,上海,黄浦,792.0,121.48664080030709,31.216386915581733,暂无,中华路1300弄
西湖区-西湖区,南昌,南昌,1241.0,115.87797379591466,28.648074030515748,4518,红苗小区
昆山-玉山,苏州,昆山,855.0,120.9550121936953,31.388070573202626,暂无,环北路200弄
建邺-奥南,南京,建邺,812.0,118.69252243678748,31.96841732679166,50585,朗诗熙华府
浦东-惠南,上海,浦东,802.0,121.73881547852213,31.04444230581454,24964,水岸家园
宝山-顾村,上海,宝山,800.0,121.37230269538703,31.344954921017514,22784,绿地公园广场
乐清市-乐成区,温州,温州,957.0,120.97512125262516,28.11896246224953,16541,京都大厦
振兴区-振兴区,丹东,丹东,515.0,124.36516668010476,40.100074439366864,7170,江左之星
徐汇-徐家汇,上海,徐汇,793.0,121.43092543356182,31.190524561736837,暂无,宜山路179号
渝北-冉家坝,重庆,渝北,2241.0,106.49465836746263,29.588844946127928,13708,渝安龙都
白云-同和,广州,白云,1941.0,113.32297549775666,23.19631566719969,8876,富华新村
金牛-抚琴小区,成都,金牛,2272.0,104.04182308049096,30.68420955517146,11231,金鱼街72号
李沧-东李,青岛,李沧,1367.0,120.46094425998108,36.16642409152207,暂无,苏家小区
奉贤-南桥,上海,奉贤,806.0,121.45921207259602,30.935871280484317,41546,景河苑(别墅)
鼓楼区-相国寺商圈,开封,开封,1522.0,114.33742964081058,34.78592984333862,暂无,迎宾路6号院拆迁处北楼
新城区-苏虎街商圈,呼和浩特,呼和浩特,351.0,111.68474964139645,40.826356349591656,10507,吉祥小区(新城区)
振兴区-振兴区,丹东,丹东,515.0,124.37150087798621,40.11616698160896,7711,天堃一品国际
江岸-前进江汉,武汉,江岸,1683.0,114.29512393415554,30.583670064345608,27403,豪景名苑
兴庆区-金凤万达,银川,银川,3072.0,106.2585953218237,38.486948733477135,5743,云开苑
江汉-新华路万达,武汉,江汉,1684.0,114.26812181561122,30.60944288140173,18998,菱角湖万达广场A区
北辰-瑞景居住区,天津,北辰,28.0,117.11818592147341,39.208182805727226,21960,熙景园
徐汇-上海南站,上海,徐汇,793.0,121.43053911353357,31.14848572284795,暂无,美通科创空间
沙河口-中山公园,大连,沙河口,482.0,121.58854478514995,38.909336335802706,13943,西安路公寓
顺德-容桂,佛山,顺德,1981.0,113.26441405064863,22.750718782430983,8025,富仕阁
浑南-新南站,沈阳,浑南,472.0,123.41792496328355,41.666905310897214,6092,富民新村
历下-山大路,济南,历下,1352.0,117.0461822283184,36.67110920254639,20716,历山路72号
叠彩区-叠彩区,桂林,桂林,2103.0,110.30159705766377,25.30606026560932,5153,中山北路104号
香河-香河,廊坊,廊坊,200.0,116.99976916769388,39.75984808814808,11209,名格小区
虎门镇-黄河中心,东莞,东莞,2058.0,113.6652000217928,22.81814896743083,暂无,外滩一品
河西-桃园街,天津,河西,21.0,117.21284864314062,39.10889971116899,43883,荣华小区
未央-西咸,西安,未央,2805.0,108.83693755878937,34.27105942237759,暂无,沣惠新佳苑
钟楼区-南大街,常州,常州,842.0,119.9494525820035,31.769181199412728,17108,世纪明珠园
新城区-新华商圈,呼和浩特,呼和浩特,351.0,111.6722686180448,40.81435490008509,11866,四十七号院
蓟州-蓟县,天津,蓟州,34.0,117.44063013538008,40.046237701823046,10074,五十八间新区
虹口-凉城,上海,虹口,797.0,121.47392192932764,31.277283062995448,60566,金属新村
汉阳-钟家村,武汉,汉阳,1686.0,114.24893017887207,30.521983837740354,14839,向阳雅居
长宁-古北,上海,长宁,794.0,121.39764264028706,31.195382007809204,76403,黄金豪园
龙泉驿-阳光城,成都,龙泉驿,2275.0,104.29916222490776,30.60517865179381,7118,阳光印象
鄞州区-东钱湖,宁波,鄞州区,940.0,121.68116725784814,29.802929974381385,20553,钱湖比华利
魏都区-魏都区,许昌,许昌,1604.0,113.81038118974756,34.02514520258894,4693,环城家属院
锦江-川师,成都,锦江,2270.0,104.12629990800257,30.61812403356715,暂无,成都沙河堡医院
坦洲镇-坦洲镇,中山,中山,2059.0,113.47982091387851,22.265271527069796,13740,神州华府
未央-城西,西安,未央,2805.0,108.901443224942,34.29372057371383,13373,金业观湖大第
洛江区-洛江区,泉州,泉州,1187.0,118.62790979869516,25.041446102922453,6912,隆达·四季蓝湾
亦庄开发区-马驹桥,北京,亦庄开发区,10.0,116.53589666770335,39.74846538933864,38050,天鹅堡
海淀-玉泉路,北京,海淀,7.0,116.24515207361506,39.92158720826203,暂无,总参部小区
宣化区-宣化区,张家口,张家口,151.0,115.10561116037529,40.60673274627322,7306,雅安街1号院
灞桥-浐灞,西安,灞桥,2804.0,109.02219340607486,34.29955228683434,10201,紫郡观澜
都江堰-都江堰,成都,都江堰,2285.0,103.62647330257823,30.981105467932892,6608,汶川财粮干休所
乐清市-城南区,温州,温州,957.0,120.89798307887881,28.05583815347564,暂无,都市银座
朝阳-望京,北京,朝阳,4.0,116.46535517603044,39.99957032481914,71304,南湖东园二区
高新-浒墅关经济技术开发区,苏州,高新,848.0,120.51778611024729,31.34948330497034,18188,梧桐公馆
李沧-沧口公园,青岛,李沧,1367.0,120.39398725211493,36.173887558268454,15802,升平路26号
南山区-后海,深圳,南山区,1962.0,113.93173870834379,22.506008924810942,65277,海逸苑
大东-八王寺,沈阳,大东,468.0,123.47338307941757,41.82022790234651,10088,经编厂大院
鹿城区-江滨,温州,温州,947.0,120.6393431419018,28.013997404294287,15926,鹿城路328号院
青山-青山,武汉,青山,1688.0,114.38140980599607,30.6212257442716,17562,钢花村街117社区
西乡县-西乡县,汉中,汉中,2878.0,107.76046772057501,32.99156987142228,暂无,金桥小区
丰台-玉泉营,北京,丰台,5.0,116.31861901485834,39.85019295391105,63227,育芳园
雁塔-浐灞,西安,雁塔,2806.0,109.02117846756292,34.23010831556194,暂无,海亮唐宁府
朝阳-南沙滩,北京,朝阳,4.0,116.37526016274627,40.006306161888716,暂无,林萃公寓
信州区-亿升商圈,上饶,上饶,1338.0,117.9733299129343,28.439478150326014,暂无,赣东北大道46号
裕华-东苑,石家庄,裕华,41.0,114.5492943475498,38.02473104975551,暂无,经济学院宿舍
通州-潞苑,北京,通州,10.0,116.67260862211218,39.930515086026176,暂无,北通集团家属楼
渭滨区-高新区,宝鸡,宝鸡,2820.0,107.26104659482141,34.298431014456966,2750,宝钛社区
姑苏-十全街,苏州,姑苏,851.0,120.62500413783907,31.306278025146106,26000,言桥小区
仓山区-首山路（师大）,福州,福州,1147.0,119.31041263991695,26.0257404113215,暂无,福建船政交通职业学院学生公寓
崂山-雕塑园,青岛,崂山,1366.0,120.4496562132884,36.080997191947475,62864,鲁信未央花园
武昌-徐东,武汉,武昌,1689.0,114.35351858135202,30.587672521462522,暂无,徐东安居住宅小区
东丽-金钟街,天津,东丽,25.0,117.25515111723685,39.20419999166947,10717,嘉和里
宝山-淞宝,上海,宝山,800.0,121.48860450317137,31.37106273644539,37617,淞滨路803弄
盐田区-沙头角,深圳,盐田区,1965.0,114.23568914884312,22.551358918910577,51828,鹏湾住宅楼
历下-千佛山,济南,历下,1352.0,117.03555499735492,36.64807592731225,26135,经十路17398号
福田区-百花,深圳,福田区,1961.0,114.0901236696546,22.552679446870922,93253,长安花园
顺德-大良东区,佛山,顺德,1981.0,113.27133921708456,22.820242400529178,11870,林峰雅居
花都-镜湖大道,广州,花都,1944.0,113.25846648694102,23.369330097154002,24384,合和新城3期2区
瓯海区-梧田,温州,温州,949.0,120.67914731570009,27.981722013807588,12015,瓯江大厦
西湖-文教,杭州,西湖,925.0,120.1424525038867,30.283635215142862,53448,文二路64号
兴庆区-中山公园,银川,银川,3072.0,106.28959003654116,38.46902403946715,5043,清秀园
昌平-回龙观,北京,昌平,12.0,116.29624832945976,40.09200510451201,55383,园墅
安宁-安宁,昆明,安宁,2586.0,102.4787741748572,24.916531143841265,4424,安达小区
龙岗区-龙岗中心城,深圳,龙岗区,1964.0,114.24693987546931,22.726120061697518,31957,碧湖康馨园
武侯-双楠,成都,武侯,2273.0,104.03412646891206,30.638832875442834,暂无,广成大厦
台江区-茶亭,福州,福州,1146.0,119.3066099811028,26.071093105976747,14485,金源大广场
虹口-四川北路,上海,虹口,797.0,121.48117957125143,31.25199077114141,暂无,罗浮路67号
虹口-曲阳,上海,虹口,797.0,121.49809887631932,31.276196385948488,53779,大连西路27号
鱼峰区-石尚1966,柳州,柳州,2092.0,109.43917318362273,24.317551113524498,10827,紫云华府
鱼峰区-鱼峰区,柳州,柳州,2092.0,109.44111078926348,24.28827973813574,8959,大都雅苑
赛罕区-中海商圈,呼和浩特,呼和浩特,354.0,111.7243719083752,40.78993439441672,7449,大台什民望家园二区
京口-大市口商圈,镇江,镇江,900.0,119.44958151931816,32.206575859212265,11985,斜桥街
香洲区-唐家湾镇,珠海,珠海,1967.0,113.60985404176373,22.36809178632227,22983,华发蔚蓝堡三期
浦东-潍坊,上海,浦东,802.0,121.52520321321809,31.22074507045017,暂无,四方通讯大厦
阿城区-阿城商圈,哈尔滨,阿城区,658.0,126.97899796789312,45.53374824071506,3714,人大楼
张店区-张店区,淄博,淄博,1375.0,118.05579077920395,36.81005412267839,6021,西二路249号院
信州区-水南街商圈,上饶,上饶,1338.0,117.97992703666391,28.431365138222297,暂无,水南街321号
城关区-东方红广场,兰州,兰州,2919.0,103.83830361877364,36.05548669574088,20059,民勤街2/4/6/8号
和平-新兴街,天津,和平,19.0,117.18599919988777,39.10509132966952,46668,气象台路
渝北-人和,重庆,渝北,2241.0,106.53535699013688,29.61797208721614,10357,华夏城二区
七星区-七星区,桂林,桂林,2105.0,110.31243689321006,25.25195929402389,5510,鸾西二区
奉贤-南桥,上海,奉贤,806.0,121.45520744847592,30.91013887917677,23330,紫荆公寓
香洲区-拱北,珠海,珠海,1967.0,113.56306644820428,22.226425406163006,23616,海湾新家园
江宁-麒麟镇,南京,江宁,817.0,118.93347245425552,32.05124564558105,18261,阳光之旅
徐汇-衡山路,上海,徐汇,793.0,121.43660524191273,31.20758970509968,暂无,兴国路153号
黄埔-黄埔区府,广州,黄埔,1942.0,113.44516598951904,23.09979726669076,25186,珍宝巴士楼
洪山-白沙洲,武汉,洪山,1687.0,114.3022729286116,30.51497044139132,14244,丰收小区
铁西-工人村,沈阳,铁西,470.0,123.32906808250836,41.79496209142708,8149,富丽园
西湖-古荡,杭州,西湖,925.0,120.12714187588708,30.27445533733441,暂无,曲荷巷19号
渝中-两路口,重庆,渝中,2232.0,106.53621211851289,29.547907693871288,9076,鹅岭山庄
鄞州区-东部新城,宁波,鄞州区,940.0,121.61763095432468,29.84987716025841,43405,保利印江南三期
徐汇-长桥,上海,  新静安,793.0,121.45204048161683,31.132474080947148,62740,徐汇新城(公寓)
西乡塘区-北湖南,南宁,南宁,2081.0,108.31053028627842,22.85490506503648,7732,宝海公寓
莒南县-莒南县,临沂,临沂,1463.0,118.8329788062054,35.18985565604969,暂无,莒南县人口计生局生活三区
霞山区-鼎盛片区,湛江,湛江,1994.0,110.39487492975942,21.209733375597448,暂无,椹川东三路238号
金牛-蜀汉路,成都,金牛,2272.0,104.00772898121558,30.68700673319511,28748,金沙大境湾
秦淮-升州路,南京,秦淮,811.0,118.78314055470526,32.025900230970976,17736,瑞华大厦
武昌-首义,武汉,武昌,1687.0,114.29342355301569,30.545262563529374,22591,黄鹤楼道51号
鼓楼区-万宝商圈,福州,福州,1145.0,119.28690369767205,26.06998664180685,20236,黎明茉莉园
九龙坡-杨家坪,重庆,九龙坡,2236.0,106.51424729947573,29.51507942346322,17377,保利花半里蔷薇园
南昌县-南昌县,南昌,南昌,1246.0,115.92261267705372,28.53751061388237,10216,银城花园
红旗区-牧野公园,新乡,新乡,1573.0,113.90420581239559,35.30308012918184,暂无,红旗区市燃气家属院
甘井子-前程街,大连,甘井子,483.0,121.54511208815997,38.927147874718315,暂无,方程街
双流-东升镇,成都,双流,2279.0,103.93316863560119,30.565082974220534,10287,南阳锦城香樟阁
管城回族区-万客来,郑州,管城回族区,1508.0,113.67307779585384,34.71878358986962,暂无,航海湾
信州区-十一小商圈,上饶,上饶,1338.0,117.95618259976835,28.46575882160946,5340,华厦西苑
浔阳区-大中大,九江,九江,1262.0,115.99012107078434,29.72601944750976,暂无,李家巷大中路416-424号
新城区-关小商圈,呼和浩特,呼和浩特,351.0,111.68110462216927,40.82269179856196,暂无,新城区西落凤街西段立元
渝北-龙头寺,重庆,渝北,2241.0,106.54100874677783,29.5923177749642,13599,黄龙花园
丰台-蒲黄榆,北京,丰台,5.0,116.4211788641742,39.86646940971229,62156,蒲安北里
武昌-首义,武汉,武昌,1687.0,114.29703728403874,30.55060863913829,17554,都府堤社区
普陀-甘泉宜川,上海,普陀,796.0,121.44059881383538,31.257237392707953,暂无,宜川路24号
杏花岭区-区政府商圈,太原,杏花岭区,222.0,112.56369307093031,37.89432954054357,11440,交警二队宿舍
南通经济技术开发区-苏通,南通,南通,858.0,120.98192913072364,31.845541227784143,7911,江景瑞园
吴中-龙西,苏州,吴中,849.0,120.62265032031658,31.27196908376929,20615,吴中西路散盘
万柏林区-千峰北路商圈,太原,万柏林区,224.0,112.47791145487513,37.872431204096365,9395,小米国际
金牛-五块石,成都,金牛,2272.0,104.0507761864615,30.723633438132442,11038,新桥丽景A区
黄浦-五里桥,上海,黄浦,792.0,121.47716475414329,31.19993119133932,73541,瞿溪路937弄
上海周边-太仓,上海,上海周边,,121.13511132969865,31.46130360855155,暂无,融和华府
顺德-大良中区,佛山,顺德,1981.0,113.25996746447214,22.84218874209505,9931,大良东华楼
长安-长安,西安,长安,2809.0,108.8993257905518,34.13437272045979,13210,雅居乐湖居笔记
呈贡-呈贡,昆明,呈贡,2578.0,102.78339507770063,24.816836755400747,12659,倚澜苑
惠城-水口,惠州,惠州,2018.0,114.46522599270693,23.11682884645102,暂无,宏新蜜橙公馆
南山区-蛇口,深圳,南山区,1962.0,113.93011999177808,22.48613408680922,52585,湾厦路综合楼
云岩区-喷水池,贵阳,云岩区,2476.0,106.71404486166449,26.579600264332328,10743,恒生大厦
黄浦-黄浦滨江,上海,黄浦,792.0,121.49936898529607,31.224216640962158,暂无,滨江欣景大酒店
宝山-淞南,上海,宝山,800.0,121.4799197922578,31.342630970900174,暂无,长江南路1100号
北仑区-新碶,宁波,北仑区,938.0,121.82401699041382,29.90177384613544,25661,四季桂花园丹桂苑
天府新区-南湖,成都,天府新区,2279.0,104.06025662387212,30.51052056738625,11010,水泥厂宿舍
市南-榉林公园,青岛,市南,1364.0,120.36471077487153,36.069772213026695,71063,玺景园
台江区-茶亭,福州,福州,1146.0,119.31123089791453,26.07215145684341,23704,永新新村
姑苏-十全街,苏州,姑苏,851.0,120.64067597484792,31.298916811232854,45231,尚书里6号
黄浦-淮海中路,上海,黄浦,792.0,121.46440045752793,31.214852928386456,暂无,复兴中路602号
房山-燕山,北京,房山,9.0,115.96554900300222,39.72325307774854,暂无,迎风六里二区
西湖-文一西路,杭州,西湖,925.0,120.0953347423818,30.29260016369354,74666,紫荆欣苑
高新-中德,成都,高新,2279.0,104.07989153383137,30.52609363234909,23890,中德英伦联邦A区
中原-中原万达,郑州,中原,1507.0,113.59862774056131,34.73827270638649,13197,昆仑华府
金水-水上乐园,郑州,金水,1510.0,113.6550652583707,34.777724820001175,7820,丰乐路2号院
阜沙镇-阜沙镇,中山,中山,2059.0,113.34612233618029,22.668742752958067,8681,澳华花园
梁溪-山北,无锡,梁溪,825.0,120.25834621953413,31.59651846079042,暂无,石门路小区
锡山-东港,无锡,锡山,822.0,120.49269085532364,31.67389601803496,8496,东湖苑
丰泽区-城东,泉州,泉州,1186.0,118.65123950080743,24.913492911525413,9151,美仙山花苑二期
荣成市-荣成市,威海,威海,1443.0,122.4235253386336,37.164314006543215,5447,天亿怡心苑
李沧-书院路,青岛,李沧,1367.0,120.4218605908855,36.160503357576424,16784,河北商城
东湖高新-民族大道,武汉,东湖高新,1689.0,114.40567204037178,30.495395398275427,暂无,阳光尚东
吴中-南双湖,苏州,吴中,849.0,120.72691537104555,31.229413837989977,暂无,尹东八村三区
包河-常青,合肥,包河,1026.0,117.28014222874435,31.819502735357556,19324,科大花园东苑
义乌市-义乌市,金华,金华,986.0,120.08629980459084,29.310039948995733,25136,化工路321巷
蜀山-新产业园,合肥,蜀山,1025.0,117.1903208538019,31.85339996044964,12444,景观庭苑
晋安区-五四北,福州,福州,1149.0,119.32144784482536,26.141561927961764,25657,亿力秀山
奎文区-新华中学,潍坊,潍坊,1412.0,119.15388471512892,36.7033428542257,5929,日向友好学校家属院
桥西-东里,石家庄,桥西,38.0,114.46916636515249,38.0273170531524,16305,汽修厂宿舍
禅城-石湾,佛山,禅城,1979.0,113.1013958245608,23.016228132552328,12416,汇华明苑
城阳-世纪公园,青岛,城阳,1368.0,120.39835596015324,36.28196039548341,11598,首创惠公寓
定州市-定州市,保定,保定,145.0,114.9960221508163,38.51051350738899,暂无,宝塔督府
香坊-永泰商圈,哈尔滨,香坊,656.0,126.76513549572336,45.744346640764945,8303,新松·茂樾山
东西湖-金银湖,武汉,东西湖,1690.0,114.19580874359224,30.638913069099022,18402,金湖听语
杨浦-五角场,上海,杨浦,798.0,121.51509138505709,31.304260344286966,72417,沪昌公寓
沙坪坝-双碑,重庆,沙坪坝,2235.0,106.44558649840765,29.59964582521236,暂无,团结坝
徐汇-康健,上海,徐汇,793.0,121.41156808524885,31.151634103708304,暂无,桂平路188号
宝安区-翻身,深圳,宝安区,1963.0,113.90236052298138,22.55864589191319,40172,华安苑
秦淮-升州路,南京,秦淮,811.0,118.77444107380128,32.02823347941502,29975,登隆巷
松江-松江新城,上海,松江,804.0,121.24603495637044,31.039631638269075,36667,恒都广场
定兴县-定兴县,保定,保定,131.0,115.80895298829519,39.248170110044825,暂无,中汇广场
东城-金宝街,北京,东城,2.0,116.42242606685262,39.916484021368774,暂无,东石槽胡同
赛罕区-锡小商圈,呼和浩特,呼和浩特,354.0,111.67894055704264,40.80436301634827,11902,送变电永光巷小区
航空港区-航空港商圈,郑州,航空港区,1513.0,113.86294053844944,34.56517877237249,10614,锦荣悦汇城
胶州-胶州,青岛,胶州,1369.0,120.01492111414387,36.35148179552157,暂无,大铺新村
淮阴区-小营,淮安,淮安,876.0,119.02629558977243,33.628772238572196,8161,风荷丽景
义乌市-义乌市,金华,金华,986.0,120.12746085977068,29.315361786403585,21684,伊美望族
霞山区-赤坎开发区,湛江,湛江,1993.0,110.38816162177977,21.23521352100516,9014,粤和金福轩
黄浦-南京东路,上海,黄浦,792.0,121.4858356146723,31.236943902937067,暂无,汉口小区
云岩区-大营坡,贵阳,云岩区,2476.0,106.72468775851499,26.599237439461998,9018,登高路47号
达川区-三岔路口,达州,达州,2396.0,107.50652054785591,31.204750660411523,5775,阳光新城
浦东-合庆,上海,浦东,802.0,121.69948263804672,31.21196338733237,暂无,中邦MOHO
高新技术产业开发区-谷德广场,潍坊,潍坊,1412.0,119.16731377060192,36.72029649206461,7700,鲁伟家园
南明区-望城坡,贵阳,南明区,2475.0,106.70249804407108,26.54129691880888,8119,绿苑小区悠然居北区
虎门镇-太平广场,东莞,东莞,2058.0,113.68444681962515,22.802286292084972,暂无,金洲综合楼
武侯-草金立交,成都,武侯,2273.0,103.97632564042776,30.659314162222792,16107,尚房国际公馆
江岸-台北香港路,武汉,江岸,1684.0,114.27776352833193,30.589828648878694,19327,江汉北路50号
汉阳-钟家村,武汉,汉阳,1686.0,114.26084796844394,30.5205561707192,20388,复地海上海
定兴县-定兴县,保定,保定,131.0,115.79108780790035,39.2728367275275,暂无,佶地B1区
桥西-北杜,石家庄,桥西,38.0,114.43320313067305,38.031140475630295,暂无,富力康小区
庐阳-双岗,合肥,庐阳,1024.0,117.28948177532357,31.8780176752384,11168,双岗老街74号
汉阳-钟家村,武汉,汉阳,1686.0,114.27392266820476,30.545909494863743,22456,棉花街1到44号
吴中-尹山湖,苏州,吴中,849.0,120.67794403078967,31.241739441838067,28204,首开常青藤
越秀-黄花岗,广州,越秀,1938.0,113.29855386390608,23.13611320802084,46857,广工大院
金水-富田大厦,郑州,金水,1510.0,113.63297648736408,34.79688955328495,10449,南阳路209号
杨浦-东外滩,上海,杨浦,798.0,121.53784999407385,31.256180496797352,暂无,杨树浦路1489号
裕华-四十中学,石家庄,裕华,41.0,114.51378198508877,38.03243762534743,22769,泰和居
吴兴区-凤凰分区,湖州,湖州,967.0,120.07774724218599,30.874332863481822,暂无,凤栖家园
净月区-净月区,长春,净月区,581.0,125.45203079728095,43.819683141267404,13450,班芙花园
安宁区-安宁区,兰州,兰州,2922.0,103.75900799803308,36.08771739267785,14642,安宁庭院
相城-黄桥,苏州,相城,850.0,120.58239184730284,31.386009974109818,17510,荷馨苑
汉南-汉南其它,武汉,汉南,1691.0,114.08948400084377,30.355576038149387,8703,碧桂园桂湖映月
金山-漕泾,上海,金山,803.0,121.37657340273337,30.797858441004013,12014,漕廊公路422号
思明-莲花一村,厦门,厦门,1159.0,118.12561317488085,24.483395145345416,61390,盈翠里8号
襄州区-襄州区,襄阳,襄阳,1729.0,112.18896703594123,32.084968858417874,9260,英倫華府二期
渝北-照母山,重庆,渝北,2241.0,106.5067474883763,29.63014707581217,16475,融创凡尔赛领馆一期
莲池区-莲池区,保定,保定,125.0,115.49196997401894,38.89085494689788,11588,四职中宿舍
盘龙-世博,昆明,盘龙,2574.0,102.77718737382985,25.106618554180752,10020,溪麓南郡
南海-黄岐,佛山,南海,1980.0,113.194517497691,23.113624242558064,13911,宏威花园
鼓楼区-三坊七巷,福州,福州,1145.0,119.30276919750028,26.083480230094892,56787,碧玉花园
郫都-郫县万达,成都,郫都,2281.0,103.89028142140171,30.809214422367,4804,王府商业街106号
朝阳-三里屯,北京,朝阳,4.0,116.45236001044293,39.933963797347744,72363,三里屯南
松江-松江老城,上海,松江,804.0,121.23382833778072,31.006036685699787,暂无,庙前街
长沙县-松雅湖,长沙,长沙县,1806.0,113.0757675734402,28.261964762567672,5421,灰埠小区
正定-正定县,石家庄,正定,46.0,114.57447386240835,38.17475421363771,暂无,教场庄园
增城-荔城富鹏,广州,增城,1947.0,113.82828722049412,23.304381398458553,暂无,宏华北路
渝北-人和,重庆,渝北,2241.0,106.52728685732114,29.61839218215542,11893,顺和康城B区
闵行-华漕,上海,闵行,799.0,121.33121905201328,31.220300986295413,暂无,华美路151弄
高新-芳草,成都,高新,2273.0,104.051017085616,30.631627221740843,11991,祥和苑(高新)
西湖-文三西路,杭州,西湖,925.0,120.10830777640163,30.275831083108944,45818,丹桂公寓
渝中-两路口,重庆,渝中,2232.0,106.56273543061435,29.56215591654477,16497,巴蜀俊秀
振兴区-振兴区,丹东,丹东,515.0,124.37924037248501,40.12249399529453,6035,永昌社区
青羊-人民公园,成都,青羊,2271.0,104.06258674382774,30.651468028630987,17802,长富花园
竞秀区-竞秀区,保定,保定,123.0,115.40069537528528,38.86314740191332,9061,哈罗城东区
上城-南星,杭州,上城,921.0,120.18640571414404,30.22973057110817,43842,秋涛路178号
文登市-南海新区,威海,威海,1442.0,121.93624166253194,36.966677670145614,5382,卓达香水海英伦湾
崇明-堡镇,上海,崇明,807.0,121.62344039046472,31.542767696260103,暂无,大通路208号
樊城区-樊城西区,襄阳,襄阳,1728.0,112.13317670315041,32.07688663026063,暂无,中润云邦
高新-新会展,成都,高新,2273.0,104.06553316385117,30.555195126225254,暂无,泰然环球时代中心
渝北-回兴,重庆,渝北,2241.0,106.59784077427084,29.66637535369184,8464,果园新村
黄岛-唐岛湾,青岛,黄岛,1365.0,120.18666926823937,35.95118340593668,19067,隆基家源
丰台-北大地,北京,丰台,5.0,116.29963109943104,39.85717789514492,暂无,东营里5号院
雁塔-高新,西安,雁塔,2806.0,108.88558384897951,34.197385669435526,12998,汇鑫IBC
朝阳-惠新西街,北京,朝阳,4.0,116.4184545033113,39.98361457600172,56991,罗马花园
姑苏-十全街,苏州,姑苏,851.0,120.62692535937822,31.305658879879235,暂无,文元弄2号
港闸区-永兴,南通,南通,859.0,120.84553828119893,32.040598854420296,15161,中港城皇家公寓
昆山-淀山湖,苏州,昆山,855.0,121.03763329665777,31.18245641229409,12500,宜欣富贵广场
建邺-南湖,南京,建邺,812.0,118.765568893131,32.02152011561155,35138,云锦美地绮云居
静安-静安寺,上海,静安,795.0,121.45537007996485,31.22352920362686,暂无,延安中路809号
蓝田-蓝田,西安,蓝田,2811.0,109.30017863658621,34.174251035462305,暂无,龙泉花园(迎宾北路)
溧阳市-溧阳,常州,常州,846.0,119.4435223091366,31.332133107930353,10684,溧阳碧桂园
文登市-南海新区,威海,威海,1442.0,121.9232825196043,36.95947231740004,6555,南海翡翠城
渝北-两路,重庆,渝北,2241.0,106.62159749728224,29.70749437417413,6852,龙兴街散排
绿园区-绿园区,长春,绿园区,585.0,125.29476954477829,43.90257069577422,8796,长客A区
宝山-大华,上海,宝山,800.0,121.4031300087968,31.28035957021028,暂无,华灵路1919号
红谷滩-九龙湖,南昌,南昌,1245.0,115.80900558466928,28.601225041000827,12525,绿地国际博览城二期博鸿
青浦-金泽,上海,青浦,805.0,120.92427409834404,31.115684534188738,暂无,商蔡路南26号
市中-二七新村,济南,市中,1353.0,116.98825153443882,36.63171317790633,20068,通联花园
武昌-首义,武汉,武昌,1687.0,114.2962415764585,30.539791221505485,21398,实验小学宿舍
芝罘-厚安,烟台,烟台,1396.0,121.40551694691736,37.52932248147425,18245,环山路
福田区-新洲,深圳,福田区,1961.0,114.040965579206,22.526929897464385,暂无,万基商务大厦
思明-轮渡,厦门,厦门,1159.0,118.08039866283873,24.4589763874726,39132,打索埕巷
越秀-小北,广州,越秀,1938.0,113.27073838878422,23.13389694220827,47769,小北路小石街
松江-松江新城,上海,  新静安,804.0,121.22853615390993,31.026988663975374,29162,明丰公寓
房山-长阳,北京,房山,9.0,116.16852008741766,39.76807814410913,30762,加州水郡二期
南海-狮山,佛山,南海,1980.0,112.96421605803724,23.13429288470085,8473,洛涛居
虎门镇-太平广场,东莞,东莞,2058.0,113.67535125449301,22.806790397345857,暂无,粮所住宅楼
拱墅-半山,杭州,拱墅,924.0,120.20701054365364,30.360376864961435,31694,中兴御田清庭
简阳-城东片区,成都,简阳,2421.0,104.55761677207173,30.388138828013943,7932,地税川剧院宿舍
武侯-玉林,成都,武侯,2273.0,104.05895899924322,30.624103581704773,13507,玉林嘉苑
松江-松江老城,上海,松江,804.0,121.23652526206057,31.006894482821863,33929,谷阳北路66号
巴南-鱼洞,重庆,巴南,2242.0,106.50273064707932,29.391414005602414,暂无,滨江林舍
浦东-金杨,上海,浦东,802.0,121.57157744815987,31.25094116748968,暂无,云山路999号
朝阳区-朝阳区,长春,朝阳区,583.0,125.30163753433749,43.86681693942743,9965,医高专宿舍
长安-丰收路,石家庄,长安,37.0,114.53446611244293,38.07579187778863,10849,保利立方公寓
市北-河西,青岛,市北,1364.0,120.39582745854649,36.12807490702652,27156,万科紫台
碑林-城东,西安,碑林,2801.0,108.98313557966287,34.267278567872275,12603,银邦大厦
城关区-城关区,兰州,兰州,2919.0,103.87685743006936,36.049267376078696,10231,三易小区南楼
鹿城区-市府路,温州,温州,947.0,120.69487115608689,27.997348524697514,19468,锦惠公寓
高新-长宁,合肥,高新,1025.0,117.13358912038687,31.84995553362876,9572,置地创新中心
荣昌区-荣昌,重庆,荣昌区,2252.0,105.6067078298547,29.403614468314142,暂无,时代名都
晋州市-晋州市,石家庄,晋州市,57.0,115.03774642475013,38.02633624305832,暂无,城关纺织小区
顺德-大良新区,佛山,顺德,1981.0,113.29637800368604,22.789418909988733,22567,万科天傲湾花园
市北-新都心,青岛,市北,1364.0,120.38184629892687,36.1135854279357,18319,海尔产城创云街
鼓楼-许府巷,南京,鼓楼,813.0,118.78342947266093,32.08341530856038,55474,许府巷10至14号双号
莲池区-莲池区,保定,保定,125.0,115.49176265747002,38.8661417618985,10513,花椒园小区
鄞州区-钟公庙,宁波,鄞州区,940.0,121.54425655606815,29.83517788684956,28676,和协风格尚品
南山区-南头,深圳,南山区,1962.0,113.92652459906692,22.542069672028408,103008,名家富居
高新-狮山,苏州,高新,848.0,120.57280649994856,31.28023699526841,39306,中建八局家属楼
西工区-下池,洛阳,洛阳,1531.0,112.43777681228998,34.65954434355661,7709,洛陽市广播电视局住宅楼
东城区-东泰,东莞,东莞,2058.0,113.75640116403251,23.000614586777417,暂无,东泰花园兴华苑
罗湖区-莲塘,深圳,罗湖区,1960.0,114.17318984294992,22.563885672818635,暂无,桂园单身公寓
尖草坪区-太钢商圈,太原,尖草坪区,223.0,112.48519025849994,37.93778409554058,8207,中国铁建电气化局集团二公司住宅小区
武清-佛罗伦萨,天津,武清,29.0,117.01067340477894,39.38102982971151,19084,信置荔城首府
鼓楼区-市政府商圈,开封,开封,1520.0,114.31844541511015,34.792339288052915,3982,汉兴路38号
芝罘-凤凰台,烟台,烟台,1396.0,121.32825803519708,37.54077103312096,8943,楚凤六街
简阳-城中片区,成都,简阳,2421.0,104.54904693029262,30.39014824046318,8775,采血站宿舍
和平-体育馆街,天津,和平,19.0,117.19693985407923,39.11115908526479,71253,新安庆里
宝山-杨行,上海,宝山,800.0,121.42070035454991,31.39203440811017,暂无,招商海德名门红墅林
龙湾区-永兴,温州,温州,948.0,120.82008402837563,27.89955872737915,9560,安源花苑
崇川区-濠河,南通,南通,858.0,120.87359183063923,32.0146407553636,38064,全景大厦
通州-通州其它,北京,通州,13.0,116.53929438998787,39.805600158446815,暂无,天道联合大厦
市南-大尧,青岛,市南,1363.0,120.40443312839716,36.072678064530784,27714,逍遥小区（漳州路）
芗城区-市政府,漳州,漳州,1198.0,117.65312615211346,24.52046638090405,15116,大唐名门印象
新吴-梅村,无锡,新吴,826.0,120.42680155858488,31.547400281936394,暂无,路劲梅都府
永寿县-永寿县,咸阳,咸阳,2840.0,108.1481069936065,34.685610908797905,暂无,荣发豪庭住宅小区
建安区-建安区,许昌,许昌,1605.0,113.8406871124443,34.00675236955223,4888,枪杆刘村小区
西城-木樨地,北京,西城,3.0,116.34153920948576,39.898784176879744,122824,白云路七号院
桥西-维明,石家庄,桥西,38.0,114.4768035496434,38.038064237712774,18839,中华南大街62号
姑苏-沧浪新城,苏州,姑苏,851.0,120.59369820572763,31.263254244429234,38603,世茂运河城尚运苑
浦东-洋泾,上海,  新静安,802.0,121.55075685892322,31.23933245823985,82342,弘扬沁园
城关区-东方红广场,兰州,兰州,2919.0,103.83801861690785,36.049126772170695,14486,郑家台51号
惠安县-惠安县,泉州,泉州,1189.0,118.9233586277265,24.881532218003127,6684,联群西沙苑
西昌市-海河,凉山,凉山,2456.0,102.26987995399584,27.887224184907218,9301,顺河路州设计院
静安-曹家渡,上海,静安,795.0,121.43535990133672,31.22671491219016,暂无,律德大厦
锦江-沙河堡,成都,锦江,2270.0,104.1228285533855,30.627335173302487,27240,塔子山壹号
苍南县-苍南县,温州,温州,,,,暂无,中环大厦
廉江市-廉江市,湛江,湛江,1999.0,110.29430999184264,21.618947119165266,4769,恒兴小区
襄州区-高新区,襄阳,襄阳,1729.0,112.18551589193872,32.09698669526159,8827,钻石名城
白云-白云大道南,广州,白云,1941.0,113.2703181351734,23.170555202736484,22044,水警宿舍
福田区-景田,深圳,福田区,1961.0,114.0400542118808,22.557916849886666,65473,景西大厦
海珠-昌岗,广州,海珠,1939.0,113.28219434225993,23.0822821344148,29031,江泰路
高新西-高新西,成都,高新西,2281.0,103.92747212990135,30.737251834021396,8013,顺江小区一期
金坛市-东城街道,常州,常州,845.0,119.57902560049216,31.747161140382662,6682,金沙花园
下城-三塘,杭州,下城,922.0,120.1650651397832,30.30208107767582,暂无,绍兴路402号
玄武-红山,南京,玄武,810.0,118.80677892778051,32.08492766520577,25889,曹后村10号
安吉县-安吉县,湖州,湖州,971.0,119.6956569918964,30.624207479708524,15552,后寨小区
通川区-中心广场,达州,达州,2395.0,107.49499489020836,31.215391151320315,5329,天健大厦
鼓楼区-相国寺商圈,开封,开封,1522.0,114.35870363142193,34.79413904033447,5399,洪河沿街供电局家属楼
朝阳-惠新西街,北京,朝阳,4.0,116.42196700189956,39.979412289694814,71856,惠新南里2号院
庐阳-三孝口,合肥,庐阳,1024.0,117.27107818584057,31.86259460696509,暂无,安庆路270号
西山-西部客运站,昆明,西山,2576.0,102.62461997752632,25.010797054486474,暂无,春雨小区
江汉-长丰常码头,武汉,江汉,1684.0,114.23958967460598,30.608188950935162,11601,常码头民政局宿舍
长宁-中山公园,上海,长宁,794.0,121.4198997812006,31.22451028860176,暂无,万航渡路1481号
龙华-金盘,海口,海口,2204.0,110.30162473913772,19.9938512736656,17088,南海·幸福城
徐汇-龙华,上海,徐汇,793.0,121.4518576016928,31.167807531287398,62995,机场新村(龙华)
从化-江浦街,广州,从化,1946.0,113.60690213025515,23.535476556878077,暂无,禾仓村白楼一队
铁西-铁西广场,沈阳,铁西,470.0,123.36251792722284,41.78517461729009,14008,中恒广场
朝阳-东坝,北京,朝阳,4.0,116.55461180914024,39.9462162106921,45411,朝阳新城四区
黄浦-人民广场,上海,黄浦,792.0,121.4660300448357,31.238689841323122,暂无,新闸路403-405号
雁塔-高新,西安,雁塔,2806.0,108.88236961555796,34.24106008938632,19695,中华世纪城
嘉定-丰庄,上海,嘉定,801.0,121.3757896171017,31.24676022684984,暂无,梅川路1530号
兴庆区-中山公园,银川,银川,3072.0,106.28504905067554,38.468366623959845,3785,文湖小区
崂山-雕塑园,青岛,崂山,1366.0,120.4545378207716,36.083080504942025,58078,银都景园
浦口-顶山街道,南京,浦口,814.0,118.68355308247268,32.10197939826179,23759,阳光帝景
天河-石牌,广州,天河,1940.0,113.34396410114044,23.135139427224274,39445,锦华轩
宜良-宜良,昆明,宜良,2581.0,103.14721100286927,24.92558267982041,暂无,书香苑
大兴-黄村火车站,北京,大兴,13.0,116.33090122221829,39.715840479070096,33552,义和庄东里
西咸新区（咸阳）-秦都区,咸阳,咸阳,2833.0,108.71334152875492,34.31580317897292,暂无,邮政局陈阳寨小区
徐汇-康健,上海,徐汇,793.0,121.42972980293777,31.165700850027104,暂无,徐汇万科中心
市中-二七新村,济南,市中,1353.0,116.98941973816171,36.63752277597115,暂无,建设路76号
天河-天河公园,广州,天河,1940.0,113.35194241334771,23.13027532931661,暂无,黄埔大道中翠园街
姑苏-观前街,苏州,姑苏,851.0,120.62171515973476,31.312287030256325,33189,乔司空巷
金山-漕泾,上海,金山,803.0,121.41509506584559,30.79516119937768,暂无,中一西路490弄
晋江市-宝龙广场,泉州,泉州,1195.0,118.58070618543631,24.81012010492411,6392,晋江市供销社住宅楼
武侯-棕北,成都,武侯,2273.0,104.06751073301972,30.62929689754814,暂无,大陆国际
黄浦-淮海中路,上海,黄浦,792.0,121.46531196361181,31.210097678015288,暂无,绍兴路20-30号
江宁-江宁大学城,南京,江宁,817.0,118.89494882611784,31.883135271612836,23982,骋望骊都
天河-汇景新城,广州,天河,1940.0,113.37272675848179,23.147421429846734,61877,汇景新城上城勋堡
管城回族区-凤凰路,郑州,管城回族区,1509.0,113.69685953123279,34.737763008073046,11571,康华苑小区
南通经济技术开发区-张芝山,南通,南通,860.0,121.02462728924795,31.90114469874757,7560,五洲翡丽湾
丰台-蒲黄榆,北京,丰台,5.0,116.4215272541183,39.861800609643566,56473,蒲黄榆路
镇海区-蛟川,宁波,镇海区,939.0,121.67751307022287,29.947800284229608,16090,香河湾
江北-大石坝,重庆,江北,2234.0,106.48127049963423,29.569862833211303,暂无,化工村
柳南区-永前路商圈,柳州,柳州,2093.0,109.38512875430716,24.297561594905414,7185,永前路三区
五华-翠湖,昆明,五华,2573.0,102.70402983886694,25.045992842022763,33284,翠湖南路92号
西岗-八一路,大连,西岗,481.0,121.62328984809679,38.871390872956134,56592,惠君庭
南岸-茶园新区,重庆,南岸,2237.0,106.71255858812006,29.51884893057491,6158,北星小区
清江浦区-恒大名都,淮安,淮安,3222.0,119.01612310711045,33.56198532061782,7581,淮安恒大名都
高新区-高新区,长春,高新区,581.0,125.25918367976612,43.774067999029,11457,恒大绿洲
杏花岭区-肿瘤医院商圈,太原,杏花岭区,222.0,112.59199804142487,37.89184949958815,9827,北河湾铁路小区
翔安-马巷,厦门,厦门,1164.0,118.25335017161079,24.669258695706816,4201,翔林夏都
思明-前埔,厦门,厦门,1159.0,118.17014778597412,24.465208326791593,43901,古楼南里
兰山区-二中,临沂,临沂,1454.0,118.33476626508629,35.05429619176359,8445,清華園
吴江-松陵,苏州,吴江,852.0,120.65040729418638,31.153561076135087,暂无,江中小区
武侯-双楠,成都,武侯,2273.0,104.03219755947592,30.645926320534674,16193,锦宏嘉华苑
淳安-淳安,杭州,淳安,931.0,119.04466018074478,29.614240665191478,暂无,千岛湖七星花园
金山-张堰,上海,金山,803.0,121.31710877324787,30.74873851161375,20948,绿地金山名邸（别墅）
双流-文星镇,成都,双流,2279.0,103.99932108197487,30.54367491061565,14292,景茂雍水岸郦府
武昌-中南丁字桥,武汉,武昌,1687.0,114.33693192163851,30.538427345808387,29803,中南勘察设计院
环翠区-经区,威海,威海,1441.0,122.17450168670143,37.41283860822967,9486,凤凰花园
鄞州区-福明,宁波,鄞州区,940.0,121.596962401957,29.86091636660868,27366,玫瑰花园
丰满区-烽火丰满一实验,吉林,吉林,595.0,126.54501940831736,43.822085295479184,5423,大丰小区
宝山-高境,上海,  新静安,800.0,121.49407072060066,31.31505491201321,42750,逸仙二村
泉山区-开元四季,徐州,徐州,834.0,117.1144664426703,34.241068096907576,12350,开元四季三期
闵行-浦江,上海,闵行,799.0,121.52899996267513,31.06560001610632,28834,鹤坡路84弄
南山区-蛇口,深圳,南山区,1962.0,113.9287810851674,22.490451987441773,70435,米兰第2季
吉州区-吉州区,吉安,吉安,1301.0,114.97579405389804,27.116026557518076,暂无,阳明西路小区
环翠区-环翠,威海,威海,1441.0,122.1253387556262,37.498866632540434,12955,海裕城
武昌-武昌火车站,武汉,武昌,1687.0,114.3212372337205,30.520678585910524,16495,晒湖电力小区
青秀区-东葛路,南宁,南宁,2079.0,108.35899895581524,22.827861037383734,11113,桂豪花园
西固区-西固区,兰州,兰州,2921.0,103.62174850328195,36.102267755172015,8044,甘肃省建机械化公司家属院
萧山-钱江世纪城,杭州,萧山,927.0,120.26809939400918,30.220969763759122,23488,港汇中心
西乡塘区-石埠,南宁,南宁,2081.0,108.20376515838421,22.826615339964533,8267,桃园组团
顺德-乐从,佛山,顺德,1981.0,113.09158981488136,22.96403749539737,11320,裕丰豪庭
二七-火车站,郑州,二七,1508.0,113.65620647789001,34.75743191713735,9698,西彩小区(西陈庄前街)
市北-理工大学,青岛,市北,1364.0,120.36477127970561,36.102168706969664,暂无,鞍山二路1-3、9、15号
伊滨区-伊滨区,洛阳,洛阳,1535.0,112.55496038233429,34.62499312991,暂无,伊水苑一组团
未央-经开,西安,未央,2805.0,108.96228826854107,34.33272847924507,8120,贞观首府
桥西-南长,石家庄,桥西,38.0,114.48258779408644,38.027029277459256,14444,南长街66号
金州-光明,大连,金州,485.0,121.7145404214249,39.10554948393103,11288,金连佳地
黄浦-豫园,上海,黄浦,792.0,121.49307532646922,31.2171506362148,暂无,也是园弄54弄
徐汇-龙华,上海,徐汇,793.0,121.43817344708748,31.168284270927018,84825,三江路16号
奉贤-南桥,上海,奉贤,806.0,121.50273311075821,30.8908731546245,暂无,杨王苑
成华-李家沱,成都,成华,2274.0,104.09705969833382,30.682780999512016,21569,水映兰庭
姑苏-平江新城,苏州,姑苏,851.0,120.62571123296249,31.338027235918922,22376,梅林新苑
松江-松江老城,上海,松江,804.0,121.25239939712178,31.000533818687444,暂无,松汇东路39弄74号
坦洲镇-坦洲镇,中山,中山,2059.0,113.46942989508172,22.254953144465762,8646,碧涛花園
天河-五山,广州,天河,1940.0,113.3425473744474,23.16379289459143,64132,华南理工大学宿舍
和平-太原街,沈阳,和平,466.0,123.39888940119094,41.78871106447297,14446,城开中心
长宁-新华路,上海,长宁,794.0,121.42052058176918,31.207025470226874,80780,法华镇路804号
天府新区-南湖,成都,天府新区,2279.0,104.04859278936323,30.505618968163205,10377,芙蓉佳园
双流-双流城区,成都,双流,2279.0,103.9172202849525,30.565109289944086,7503,奇灵欣园
昆山-开发区,苏州,昆山,855.0,121.03474199734356,31.37488797033501,17843,公元壹号
松江-松江大学城,上海,  新静安,804.0,121.22724338300007,31.05450490224289,44068,三湘四季花城
武昌-楚河汉街,武汉,武昌,1687.0,114.32887631059292,30.551262129699264,28087,星海虹城一期
丰台-新宫,北京,丰台,5.0,116.37394195368915,39.81260063134495,47088,槐房南里300号院
港口镇-华师附中,中山,中山,2059.0,113.39381158514576,22.575652904262284,11539,美景康城
梁溪-山北,无锡,梁溪,825.0,120.25144739767572,31.59315950105945,暂无,怡惠苑
三水-三水,佛山,三水,1982.0,112.95121423379385,23.37599113387572,暂无,金科集美山水
普陀-武宁,上海,  新静安,796.0,121.42495839178255,31.235282847806438,83292,燕宁苑
新城区-城内,西安,新城区,2801.0,108.96974459464589,34.273496837787555,暂无,皇城坊
城中区-桂中商圈,柳州,柳州,2091.0,109.4261694661004,24.3374539235406,10048,廉勤建筑公司
松江-松江新城,上海,松江,804.0,121.23531448690134,31.035692730396427,36934,华亭绿景苑
盘龙-白塔,昆明,盘龙,2574.0,102.72697232682613,25.034324573582698,15798,安泰花园
都江堰-都江堰,成都,都江堰,2285.0,103.63504623927862,30.994764011301765,5581,光明街65号
莲湖-城西,西安,莲湖,2803.0,108.87162544360812,34.25725609299977,暂无,当代宏府ΜΟΜΛ
丹阳市-丹阳市,镇江,镇江,903.0,119.59533009140888,32.003786322832624,6619,丹桂园
栾城-栾城县,石家庄,栾城,44.0,114.65099050119144,37.88960833049521,暂无,公安家园
魏都区-魏都区,许昌,许昌,1604.0,113.85888961078594,34.064410926176855,8926,鹿鸣湖壹号
江阴市-江阴,无锡,江阴市,827.0,120.20761097763642,31.89449713163247,暂无,三元公寓
海珠-滨江西,广州,海珠,1939.0,113.25844901723049,23.10701661865629,暂无,供电滨江大院
禅城-季华,佛山,禅城,1979.0,113.11939017241173,23.00851669225245,11989,福华路
斗门区-井岸镇,珠海,珠海,1968.0,113.28891991429684,22.22022463108223,7282,工业大道住宅
胶州-胶州,青岛,胶州,1369.0,120.00341821118587,36.27641474204357,11724,方井人家
船营区-水门洞,吉林,吉林,594.0,126.53870786023916,43.83405516379376,6397,裕华园小区
江岸-台北香港路,武汉,江岸,1683.0,114.29171514946032,30.598542698613723,17597,模范新村
信州区-亿升商圈,上饶,上饶,1338.0,117.96802781171968,28.44041433754789,5119,相府路18-9号
禅城-南桂西,佛山,禅城,1980.0,113.12789168863348,23.047799539642128,13144,星星E客
庐阳-三孝口,合肥,庐阳,1024.0,117.27287655770985,31.860024044527048,19876,永红路47号
锦江-莲花,成都,锦江,2270.0,104.09946506820013,30.636929910773485,14985,莲花新一区
五华-二环北,昆明,五华,2573.0,102.70710362145279,25.083235501293487,13948,贵研自然界
松江-新桥,上海,松江,804.0,121.2855280647755,31.00526916676508,暂无,华阳桥车香路190号
思明-市政府,厦门,厦门,1159.0,118.08428766115135,24.476707955380807,52823,阳明楼思明
青山-青山,武汉,青山,1688.0,114.39320948851257,30.622917178311386,17054,钢花新村111街
江岸-百步亭,武汉,江岸,1683.0,114.31942718665192,30.64765041187397,15186,安居苑A区
晋安区-五四北,福州,福州,1149.0,119.33326167600045,26.127401525563137,暂无,建发央著
静安-闸北公园,上海,静安,795.0,121.45990036039076,31.26773426340134,58853,和安小区
越秀-流花站前,广州,越秀,1938.0,113.24584890007787,23.151118966697922,19771,广园西路王圣堂后街
盘龙-北辰,昆明,盘龙,2574.0,102.73870095013494,25.085915476471964,11261,江东花园二期
阿城区-阿城商圈,哈尔滨,阿城区,658.0,126.96741568453822,45.53899218503857,4590,永泰公寓
良庆区-大沙田,南宁,南宁,2082.0,108.3317789452278,22.75573135487248,8307,阳光新城碧涛苑
杨浦-中原,上海,杨浦,798.0,121.54339963621108,31.33354053707165,暂无,军工路2866号
老城区-西关,洛阳,洛阳,1530.0,112.4704692605857,34.678186863893465,7120,金业路社区
长宁-新华路,上海,  新静安,794.0,121.42471014129204,31.20880985248861,79562,颐德名苑
万州-万州区,重庆,万州,2230.0,108.35776623865112,30.817910341299573,暂无,北滨名城
横峰县,上饶,上饶,1343.0,117.60017778866306,28.42219593574964,暂无,临江一品小区
道外-道外区,哈尔滨,道外,653.0,126.65632433561298,45.79545023606251,7305,沿江小区
二七-市财政局,郑州,二七,1508.0,113.63894637523994,34.72777171875124,13849,万山府院
高碑店-白沟,保定,保定,147.0,116.04278888230971,39.13764766719242,11067,理想城
锦江-东湖,成都,锦江,2270.0,104.09434415968457,30.615697097827567,24898,东湖国际
长宁-古北,上海,长宁,794.0,121.39687189808176,31.194562401655702,暂无,荣华东道58弄1号
云岩区-市北,贵阳,云岩区,2476.0,106.71502145941359,26.60092355548223,16979,宅學
奉贤-柘林,上海,奉贤,806.0,121.45945325981424,30.863809676782452,17478,新寺中街81弄
南关区-南关区,长春,南关区,581.0,125.32721532249643,43.87614780948107,11919,税院小区
仓山区-高盖山,福州,福州,1147.0,119.30553419469244,26.01983112845871,18228,齐安新苑
霸州-霸州,廊坊,廊坊,204.0,116.35471979681265,39.14557592748917,暂无,塞纳庄园
环翠区-经区,威海,威海,1441.0,122.1712786197114,37.4116281886381,11318,恒大悦澜庭
南昌县-南昌县,南昌,南昌,1246.0,115.91336576048138,28.581483357741046,9274,百城晶典
虹口-凉城,上海,虹口,797.0,121.47751474592674,31.276627157568225,58671,中山大厦
净月区-净月区,长春,净月区,581.0,125.45426624444237,43.829411773958384,9746,富奥斯坦利小镇
大兴-天宫院,北京,大兴,13.0,116.3265937044555,39.689504779265434,34904,新源时代
三原县-三原县,咸阳,咸阳,2836.0,108.93982894148573,34.60612161209961,暂无,吉隆小区
昌邑区-八家子早市,吉林,吉林,592.0,126.59328505720941,43.85409393066926,5089,欣昌北小区
杨浦-东外滩,上海,杨浦,798.0,121.52706249685491,31.26084380519975,暂无,惠民路1006号
龙华区-龙华中心,深圳,龙华区,3224.0,114.04383320282378,22.674919305192734,暂无,清湖农批市场
宽城区-宽城区,长春,宽城区,582.0,125.3268017721956,43.92887246457093,7854,教师楼
开福-四方坪,长沙,开福,1803.0,112.99717754634432,28.23404913125149,12145,瑞都豪庭
安吉县-安吉县,湖州,湖州,971.0,119.68142468737936,30.619311083352706,8537,龙山公馆
丰南区-丰南区,唐山,唐山,64.0,118.10096636959709,39.54390097149078,5506,邮电楼
北仑区-新碶,宁波,北仑区,938.0,121.84205774907645,29.90632618969276,25062,金城国际花园
路南区-路南区,唐山,唐山,60.0,118.21355620486703,39.62447801830536,8900,大洪桥
凤岗镇-凤岗镇,东莞,东莞,2058.0,114.1843173149826,22.69433872640939,暂无,蓝天花园
雨花台-岱山新城,南京,雨花台,816.0,118.70038771851854,31.94522686126425,13336,岱山齐修南苑
硚口-古田,武汉,硚口,1685.0,114.19949708275587,30.586374551033945,19230,广电江湾新城
魏都区-魏都区,许昌,许昌,1604.0,113.84011031686632,34.025872038911785,6564,吉祥小区
北仑区-大榭,宁波,北仑区,938.0,121.97097889270394,29.90410387835508,6632,海文花园西区
上饶县-旭日商圈,上饶,上饶,1340.0,117.9156854157162,28.43566832813293,6700,永安大厦
武昌-积玉桥,武汉,武昌,1687.0,114.31646697913438,30.545687205182446,20317,马蹄营14号
杨浦-控江路,上海,杨浦,798.0,121.54832697240673,31.289784411347586,50000,图们路17号
南明区-钻石广场,贵阳,南明区,2475.0,106.71466796765732,26.576467937675424,暂无,富水南路35号小区
白云区-南湖,贵阳,白云区,2479.0,106.61179154488556,26.678718985400664,11804,中天 · 托斯卡纳24组团
荔湾-人民路,广州,荔湾,1937.0,113.25113594930042,23.11445631482119,暂无,杨仁里31号
南区-广珠公路南,中山,中山,2059.0,113.36715971335173,22.501694581476222,7342,悦来花园
金水-未来大厦,郑州,金水,1510.0,113.71353781878838,34.77064763140729,15029,建业广场
闵行-莘庄,上海,闵行,799.0,121.37077891717315,31.103665914834558,37617,闵富花苑
海淀-紫竹桥,北京,海淀,7.0,116.30057546737464,39.93999215017696,79581,双紫小区
丰县-丰县,徐州,徐州,835.0,116.5969115102942,34.683311082715875,暂无,九洲佳园
浦口-浦口其它,南京,浦口,814.0,118.59690515159514,32.04789751646198,24707,金地格林格林
云岩区-市北,贵阳,云岩区,2476.0,106.71684198192392,26.61268314187391,8845,欣歆园
雁塔-城南,西安,雁塔,2806.0,108.94550382409616,34.20838097753606,暂无,西北政法大学家属院
船营区-大东门,吉林,吉林,594.0,126.56433023759944,43.848396032812396,5077,物华公寓
荷塘区-新华东路,株洲,株洲,1810.0,113.15884613469434,27.838881431627225,7634,御华府
浦东-三林,上海,浦东,802.0,121.53525194221828,31.13140217105714,44416,绿地香颂(浦东)(别墅)
包河-包公,合肥,包河,1026.0,117.29274986917014,31.82619174763073,15468,益力檀宫
朝阳-东坝,北京,朝阳,4.0,116.56625205638834,39.96372290455328,暂无,和光尘樾
罗庄区-沂河路,临沂,临沂,1455.0,118.31786161007048,35.03150014571193,3655,山东烟叶复烤有限公司临沂办事处家属院
江岸-育才花桥,武汉,江岸,1683.0,114.27973228440278,30.61661824847656,15233,添樂花园
龙华区-龙华中心,深圳,龙华区,3224.0,114.03620636350064,22.65888517227217,24486,聚龙华府
荔湾-南岸路,广州,荔湾,1937.0,113.23268608713622,23.130719616903683,33563,南岸路南岸大街
西城-宣武门,北京,西城,3.0,116.36869005717995,39.89185994734078,暂无,新桥胡同
武昌-首义,武汉,武昌,1687.0,114.29548920198728,30.540675190817684,22530,文明路
闵行-颛桥,上海,闵行,799.0,121.3957303445096,31.063989208058945,暂无,颛盛路326号
温江-温江老城,成都,温江,2278.0,103.8363311089136,30.688624202541863,6455,祥和居(温江)
江岸-台北香港路,武汉,江岸,1683.0,114.2919903032674,30.595021149970627,19263,球场巷12号
浦江县-浦江县,金华,金华,983.0,119.88937938917678,29.446324484041813,暂无,江滨新村
浦口-桥北,南京,浦口,814.0,118.74772741535651,32.155401196057966,17028,润泰花园
白云-江高镇,广州,白云,1941.0,113.22832040160492,23.276129616633806,暂无,24裕生楼
海曙区-高桥,宁波,海曙区,935.0,121.48668573652884,29.885560029937015,暂无,华缘专家楼
城关区-大润发,兰州,兰州,2919.0,103.87373706105413,36.06811713255721,11583,雁滩家园C区
南通经济技术开发区-能达商务区,南通,南通,858.0,120.95207948651856,31.92035458289813,暂无,世茂广场
晋安区-新店,福州,福州,1149.0,119.31418846663908,26.129081099266767,20465,东方高尔夫花园A区
九龙坡-黄桷坪,重庆,九龙坡,2236.0,106.54130154403688,29.490339766125828,暂无,搬运东村
三水-西南街道,佛山,三水,1982.0,112.896527803342,23.159891367174254,4411,新宇小区
南朗镇-南朗镇,中山,中山,2059.0,113.53358936665266,22.49558550924676,11113,东都明珠
奉贤-奉城,上海,奉贤,806.0,121.69292034916752,30.92487877792123,暂无,瓦洪公路3129号
香洲区-老香洲,珠海,珠海,1967.0,113.56919656464036,22.285766737079417,15851,翠华路34号小区
浦东-世博,上海,浦东,802.0,121.51848330091214,31.18164344513918,62531,兴荣家园
槐荫-南辛庄,济南,槐荫,1354.0,116.9645152493862,36.64457225971361,16668,南辛苑
闵行-颛桥,上海,闵行,799.0,121.40879542451997,31.098231499218663,暂无,金盛国际家居
五华-小西门,昆明,五华,2573.0,102.69670984433948,25.047857687181548,13198,凤翥街32
南岗-西大直街西大桥通达街红岩校苗圃清明和兴商厦七政四十七中木兰商场,哈尔滨,南岗,652.0,126.62633004065846,45.733646708437156,暂无,六合街
襄州区-东津区,襄阳,襄阳,1729.0,112.25312227641294,32.08246839074046,7789,东津世纪城9区菁华园
和平-劝业场,天津,和平,19.0,117.18681838792658,39.123245699251015,52933,云台花园
拱墅-大关,杭州,拱墅,924.0,120.14709570182129,30.296861413559927,41750,小兜弄
福田区-景田,深圳,福田区,1961.0,114.04095015587023,22.54214204077757,75619,香逸名园
奎文区-新华中学,潍坊,潍坊,1412.0,119.15135819488457,36.703308902734726,6250,惠通宿舍
遂溪县-遂溪县,湛江,湛江,1997.0,110.24383015418995,21.355108768049483,暂无,文昌路十七横16号
福田区-莲花,深圳,福田区,1961.0,114.07173547407528,22.56453514318014,暂无,九星印刷包装集团
朝阳-百子湾,北京,朝阳,4.0,116.50799260284214,39.89370328087831,暂无,广百西路18号院
南关区-南关区,长春,南关区,581.0,125.34394610037648,43.84218006350577,8936,净水山莊
杨浦-中原,上海,杨浦,798.0,121.52549911462192,31.319144982979807,50608,世界路91弄
回民区-海亮商圈,呼和浩特,呼和浩特,352.0,111.67193664620524,40.807420993574574,9825,呼市展览馆宿舍
和平-南湖,沈阳,和平,466.0,123.39927777546879,41.767482178745496,9475,百合园
涪陵-涪陵,重庆,涪陵,2231.0,107.40404306723259,29.687983650351605,暂无,大川移民安置房
江宁-将军大道,南京,江宁,817.0,118.77347834164644,31.946625315473852,57508,玛斯兰德奔牛谷街区
徐汇-衡山路,上海,徐汇,793.0,121.44644276385885,31.20923427515829,暂无,淮海中路1485号
双流-东升镇,成都,双流,2279.0,103.8786698348868,30.585985527054834,暂无,柳河新居
惠城-仲恺,惠州,惠州,2018.0,114.31935862899245,23.00255570923521,6245,金茂精英现代城一期
龙岗区-龙岗中心城,深圳,龙岗区,1964.0,114.2541150537543,22.718911845010584,36113,东方明珠城
临淄区-临淄区,淄博,淄博,1377.0,118.30003801564536,36.81643270488238,9461,雪宫南生活区
黄岩区-黄岩区,台州,台州,1003.0,121.27480921520313,28.65589544687128,暂无,东浦路285弄
温江-温江大学城,成都,温江,2278.0,103.81559049303736,30.67569696130545,10771,西财学府憬城
闵行-老闵行,上海,闵行,799.0,121.42688268133314,31.00270915508868,31875,南北大街215号
云岩区-大西门,贵阳,云岩区,2476.0,106.6999873116408,26.581519439116487,6869,瀑布大厦
奎文区-潍柴,潍坊,潍坊,1412.0,119.11479742143051,36.70309421266783,6435,力拓国际大厦
双流-东升镇,成都,双流,2279.0,103.93122510141242,30.561800840067534,7767,双流县中医院职工宿舍
红桥-丁字沽街,天津,红桥,24.0,117.15742928236776,39.187446310763434,23277,宇星西里
普陀-长征,上海,普陀,796.0,121.37991997607004,31.22158267414097,暂无,苏宁天御国际广场
奉贤-奉城,上海,奉贤,806.0,121.69100142175013,30.925614859873228,暂无,洪新路21号
庐阳-逍遥津,合肥,庐阳,1024.0,117.28871263844613,31.85952879582602,20102,宿州路31号
海淀-定慧寺,北京,海淀,7.0,116.30380532906028,39.92790627048926,74824,车公庄西路30号院
苍南县-苍南县,温州,温州,,,,暂无,龙华住宅
武侯-玉林,成都,武侯,2273.0,104.0625707342279,30.629960714800013,暂无,玉林北巷1号
厚街镇-厚街镇,东莞,东莞,2058.0,113.68220242345971,22.95334933800476,暂无,万科金域国际
南海-黄岐,佛山,南海,1980.0,113.18194212417391,23.12858317006545,15076,珠江半岛花园
蔡甸-蔡甸城区,武汉,蔡甸,1692.0,114.02846510334729,30.580107567667532,暂无,卫民巷40号
九台区-九台区,长春,九台区,587.0,125.84717717220236,44.157490686255656,暂无,土地家属楼小区
鼓楼-三牌楼,南京,鼓楼,813.0,118.77199821055494,32.078857292999054,32038,东柏果园
金牛-花牌坊,成都,金牛,2272.0,104.06770191195109,30.68247028052429,11424,白马二巷
城关区-东方红广场,兰州,兰州,2919.0,103.84123349528824,36.05795393618172,暂无,省质监局家属楼
李沧-书院路,青岛,李沧,1367.0,120.40934960141495,36.15752221793113,25632,康太源尚诚
吴中-木渎,苏州,吴中,849.0,120.47920373508056,31.266746787555032,14114,吾丰花园
碑林-城东,西安,碑林,2802.0,108.97719443239276,34.251714805626285,暂无,东关曹家巷小区
天心-黄土岭,长沙,天心,1801.0,112.98463368027755,28.15953770615592,10432,兴威名城
青浦-盈浦,上海,青浦,805.0,121.11221923848412,31.157048917275148,26748,城中北路581号
杨浦-鞍山,上海,杨浦,798.0,121.51394286827171,31.275418134197132,66964,凤凰大楼
宝安区-翻身,深圳,宝安区,1963.0,113.89831342145376,22.5613298621176,暂无,鸿都连锁公寓
高新-中和,成都,高新,2279.0,104.08712310072151,30.543128482845532,29654,三利宅院三期
惠城-河南岸,惠州,惠州,2018.0,114.41165391223242,23.07990779938013,暂无,下埔横江四路2号
杨浦-控江路,上海,杨浦,798.0,121.54439660065214,31.293760982646326,56651,延吉东路125弄
香洲区-新香洲,珠海,珠海,1967.0,113.5559334129133,22.272508615386077,26376,万丰茗苑
南头镇-南头镇,中山,中山,2059.0,113.29107613658955,22.71393964446966,暂无,安通园
沙坪坝-小龙坎,重庆,沙坪坝,2235.0,106.45908244419736,29.55298489868059,13693,原野大厦
信州区-亿升商圈,上饶,上饶,1338.0,117.97220889164645,28.44652525046247,暂无,马皇庙巷1号
南山区-科技园,深圳,南山区,1962.0,113.92993217079315,22.524238433083767,75278,创世纪滨海花园
城关区-西关南关,兰州,兰州,2919.0,103.8207563980192,36.06054231580536,11838,永昌路
龙岗区-布吉街,深圳,龙岗区,1964.0,114.11308766180888,22.613010870206253,暂无,長隆苑
盐田区-盐田港,深圳,盐田区,1965.0,114.25622126447377,22.59119040053489,37391,裕达华庭
花都-镜湖大道,广州,花都,1944.0,113.24467582328192,23.37754120683089,23395,云峰花园2期
路北区-路北区,唐山,唐山,61.0,118.19555495723976,39.65698457722589,12895,万科金域蓝湾二期
瑞安市-瑞安市,温州,温州,956.0,120.61368126797696,27.75955246375621,13753,瑞良家园
番禺-莲花山,广州,番禺,1943.0,113.50064721023979,22.978696155336124,暂无,桃莲山庄
增城-荔城西区,广州,增城,1947.0,113.8159072105926,23.292408357471448,暂无,金竹路45号
赛罕区-大学路商圈,呼和浩特,呼和浩特,354.0,111.69004601409016,40.80282495595379,11414,科技局宿舍
沛县-沛县,徐州,徐州,836.0,116.93980466742123,34.747510916040866,暂无,德信九龙城紫郡
临淄区-临淄区,淄博,淄博,1377.0,118.28399706656624,36.80719072515936,6380,辛三路31号院
浦东-北蔡,上海,  新静安,802.0,121.542340730892,31.177531112705356,72759,大华锦绣华城(十九街区)(公寓)
市中-七里山,济南,市中,1353.0,117.00302090569772,36.62570026881606,17958,英雄山路118号
嘉定-南翔,上海,嘉定,801.0,121.31011979798923,31.28917083862164,32889,解放街68弄
芙蓉-汽车东站,长沙,芙蓉,1800.0,113.07013971676638,28.196970443532624,11430,天园假日
高邑县-高邑县,石家庄,高邑县,49.0,114.60803036025736,37.599459419705774,暂无,中兴福苑
丰台-岳各庄,北京,丰台,5.0,116.27257067223644,39.867320443771774,54366,大井中里
江夏-江夏其它,武汉,江夏,1693.0,114.32813111697573,30.343011609839344,12889,中建龙城四期
汉台区-汉台区,汉中,汉中,2874.0,107.02781496378134,33.067726948348195,2986,汉中市建筑设计院家属楼
江夏-江夏其它,武汉,江夏,1693.0,114.33395344836201,30.357123632542585,12473,世纪庭苑
甘井子-金三角,大连,甘井子,483.0,121.59184253844826,38.97338200530469,21598,山宝花园
宣化区-宣化区,张家口,张家口,151.0,115.09539265785195,40.610200739326395,7417,永安小区
彭州-彭州,成都,彭州,2286.0,103.94832394516828,30.989121178447935,4469,兰苑小区
新城区-城东,西安,新城区,2801.0,109.00514664472936,34.278309648306745,11119,北张家庄
闵行-龙柏,上海,闵行,799.0,121.36460988197986,31.17328049859849,暂无,紫藤路188号
呈贡-呈贡,昆明,呈贡,2578.0,102.79657568879801,24.90201222742112,10474,兴冶国际
浦东-洋泾,上海,  新静安,802.0,121.55563834937055,31.23726453480056,81275,森林湾(二期)
开福-北辰三角洲,长沙,开福,1803.0,112.9853261493354,28.22868250945817,暂无,湘瓷
吉州区-吉州区,吉安,吉安,1301.0,114.98116319747105,27.091727097594372,暂无,一建宿舍
湖里-五缘湾,厦门,厦门,1161.0,118.1543173314928,24.53117078432827,暂无,新捷创营运中心
朝阳-亚运村小营,北京,朝阳,4.0,116.42572004284632,39.99686214693389,暂无,小营路四号
南昌县-南昌县,南昌,南昌,1246.0,115.93506305975299,28.53838417271682,7715,仁兴家园
高新-长宁,合肥,高新,1025.0,117.08150992543017,31.83100181006339,暂无,望江台
于洪-于洪新城,沈阳,于洪,474.0,123.32396930935866,41.769390156242046,5011,青铜小区
光明区-公明,深圳,光明区,3229.0,113.9538819368641,22.753909575697726,暂无,卫光花园
思明-体育中心,厦门,厦门,1159.0,118.11362658483358,24.48969334652425,56315,物资宿舍
拱墅-半山,杭州,拱墅,924.0,120.15049379057292,30.333533814310297,33591,杭钢尚堂府
成华-新华公园,成都,成华,2274.0,104.11122408207605,30.658681756663537,22921,中海新华府
莲湖-城西,西安,莲湖,2803.0,108.91118568736441,34.26238871886444,13935,金仕大厦小区
九龙坡-石桥铺,重庆,九龙坡,2236.0,106.47917155810958,29.532107216554962,6350,白马凼17号
兴庆区-丽景北街,银川,银川,3072.0,106.31133085943756,38.47682293459189,5197,建元都市阳光·春熙苑
浦东-金桥,上海,浦东,802.0,121.5853521634238,31.290917303092844,49976,浦江东旭公寓1443弄
朝阳-西坝河,北京,朝阳,4.0,116.43743018289257,39.9612169190182,68660,西坝河南里
成华-驷马桥,成都,成华,2272.0,104.07124726915369,30.704046441714038,12188,赛云台东一路23号
樊城区-樊城东区,襄阳,襄阳,1728.0,112.16713593919188,32.052694440448995,7914,旭东小区
大观区-玉琳路,安庆,安庆,1076.0,117.03480083303215,30.504352741156215,8025,大观商城
丰台-马连道,北京,丰台,5.0,116.32388321417524,39.868454806651314,暂无,卫强校村
门头沟-石门营,北京,门头沟,8.0,116.10084976380709,39.88756581280725,28629,石门营新区五区
虹口-江湾镇,上海,虹口,797.0,121.48494510602332,31.29609837227264,46884,纪念路492号
九龙坡-石坪桥,重庆,九龙坡,2236.0,106.5092867483933,29.51895210948315,10527,华奥小区
象山区-象山区,桂林,桂林,2104.0,110.29727809044054,25.230386629856802,4978,瓦窑路25号
西山-度假区,昆明,西山,2576.0,102.65196899566091,24.980815593056963,20173,听涛雅苑
象山区-象山区,桂林,桂林,2104.0,110.28987542331728,25.263410473935533,4536,雉山路68-1号
东丽-东丽湖,天津,东丽,25.0,117.48499067324556,39.18467359303479,12475,米兰东湖湾
高新园区-凌水,大连,高新园区,483.0,121.50355244401042,38.876386085832216,7018,百合山庄
张店区-张店区,淄博,淄博,1375.0,117.9884900212799,36.8658873990214,暂无,于营小区A区
乌当区-振华广场,贵阳,乌当区,2478.0,106.76473212994055,26.63046081875416,8591,新添商贸楼
湖里-五缘湾,厦门,厦门,1161.0,118.156688977843,24.52904513536845,暂无,中众合大厦
东阳市-东阳市,金华,金华,987.0,120.24368375453388,29.271851583408214,暂无,汉宁雅枫轩
江北-花卉园,重庆,江北,2234.0,106.52014104147585,29.57882670513724,10215,爱丁堡
浑南-长青,沈阳,浑南,472.0,123.51556681236521,41.7483276563043,12349,金地滨河国际
江汉-武广万松园,武汉,江汉,1684.0,114.26235882812985,30.590742121639032,暂无,ICC武汉环贸中心双子塔写字楼
香坊-菜艺商圈,哈尔滨,香坊,656.0,126.68168093988692,45.7328719144742,5052,三铺街
上海周边-昆山,上海,上海周边,,120.99542496050506,31.189443662261862,25262,上海湾
姑苏-金门,苏州,姑苏,851.0,120.60866665175983,31.302694871616197,22436,南浩街19号院
从化-太平镇,广州,从化,1946.0,113.48315015396128,23.429836261202286,暂无,太平东路
萧山-萧山市区,杭州,萧山,927.0,120.26522289382251,30.16042643942821,23605,西河路240号
璧山-璧山,重庆,璧山,2249.0,106.2271960605039,29.57039895113298,7971,水岸国际
崇川区-新城,南通,南通,858.0,120.88903748814928,31.98390570756977,21535,印象公馆
杏花岭区-大东关商圈,太原,杏花岭区,222.0,112.59099133639496,37.88165509974525,8544,轻工小区
云岩区-未来方舟,贵阳,云岩区,2476.0,106.75600174785828,26.598764806285967,9219,未来方舟F4组团
南昌县-南昌县,南昌,南昌,1246.0,115.9314835115717,28.52168665675919,9516,江铃底特律新城
徐汇-斜土路,上海,徐汇,793.0,121.45674762341356,31.201206738831697,79321,平华大厦
迁西县-迁西县,唐山,唐山,70.0,118.29506489609449,40.140626608466505,暂无,金龙小区
西工区-玻璃厂,洛阳,洛阳,1531.0,112.45462149880764,34.674498386375625,8355,凯旋东路洛龙区政府家属院
铜山区-铜山区,徐州,徐州,834.0,117.15526092132751,34.13902879786962,5700,嘉乐园
三门县-三门县,台州,台州,1006.0,121.35614081738629,29.109795301481125,暂无,天久花苑
萧山-萧山开发区,杭州,萧山,927.0,120.30272301682359,30.273300686819635,24997,众安景海湾
高新园区-万达,大连,高新园区,483.0,121.53632213647286,38.864791749613545,暂无,凌涛园
滨海新区-大港,天津,滨海新区,31.0,117.49539942029837,38.71651456689518,7607,心港假日苑
信州区-大市场商圈,上饶,上饶,1338.0,117.96230748956181,28.432864123061822,6421,蓝天公寓
徐汇-衡山路,上海,徐汇,793.0,121.44649753374905,31.200489772052336,暂无,高安路72号
南安市-南安东,泉州,泉州,1196.0,118.50179906103264,24.91351943578617,7439,中骏四季康城2期
西湖-良渚,杭州,西湖,925.0,120.06484376330185,30.350223778039823,暂无,三墩景溪南苑
回民区-海西路商圈,呼和浩特,呼和浩特,352.0,111.64828545585668,40.83866813499263,5920,小府佳苑
清江浦区-水渡口大道,淮安,淮安,3222.0,119.06970631358809,33.59825993803803,11632,茂华国际汇南区
净月区-净月区,长春,净月区,581.0,125.37273344352352,43.81631545004336,10492,金叶嘉园
徐汇-龙华,上海,徐汇,793.0,121.45434274135503,31.166524405879564,65383,丰三小区
振兴区-振兴区,丹东,丹东,515.0,124.37280580474147,40.104261959952375,7876,顺泰花园
黄浦-淮海中路,上海,黄浦,792.0,121.4625709045281,31.208893325046226,暂无,绍兴路96弄
通州-梨园,北京,通州,10.0,116.66467716545534,39.87893567067689,40131,云景里白瓷砖
北辰-宜兴埠,天津,北辰,28.0,117.19807142206524,39.20963719826987,26888,万科新城水杉苑
天元区-株洲西站,株洲,株洲,1813.0,113.09314736359491,27.79246292129952,暂无,金彩明天
碑林-城内,西安,碑林,2802.0,108.96925342465148,34.25895976492513,暂无,东方国际中心
岳麓-汽车西站,长沙,岳麓,1802.0,112.90956246842929,28.21085850483189,10711,广盛华苑
小店区-学府商圈,太原,小店区,220.0,112.55652543189564,37.80912620828882,13153,明悦小区
铜梁-铜梁,重庆,铜梁,2250.0,106.08204709868127,29.84703782537764,6217,东和时光
汉台区-汉台区,汉中,汉中,2874.0,107.02119281488741,33.07611200514579,3135,太白小区
二七-老郑大,郑州,二七,1508.0,113.65006296591105,34.73934137677017,13122,铁英街22号院
开发区-天山海世界,石家庄,开发区,41.0,114.60782669206974,38.04501219917072,15857,融通嘉苑
洪山-沙湖,武汉,洪山,1687.0,114.34337964956934,30.57479028112197,29677,水岸星城
奉贤-南桥,上海,奉贤,806.0,121.45917701572668,30.911311200577924,20548,南奉公路9708弄
双流-东升镇,成都,双流,2279.0,103.92945409227724,30.568842503386637,9475,王府花园一期
中原-郑州晚报社,郑州,中原,1507.0,113.62112619516908,34.74532813722223,12258,郑州煤炭设计研究院42号院
徐汇-康健,上海,徐汇,793.0,121.41241132175102,31.156642258075546,暂无,钦州南路746号
白云区-南湖,贵阳,白云区,2479.0,106.6294690069172,26.68211027021124,16707,金峰小区
浦东-塘桥,上海,浦东,802.0,121.52138327519205,31.209295004927746,暂无,南泉路1350弄
杨浦-周家嘴路,上海,杨浦,798.0,121.54545386750578,31.27205399100265,55071,隆昌路416弄
江北-江北嘴,重庆,江北,2234.0,106.56926283552241,29.589129011205912,18896,恒大中央广场二期
迎泽区-文庙商圈,太原,迎泽区,221.0,112.57642656386784,37.86906595700696,10873,永安里
西固区-西固区,兰州,兰州,2921.0,103.65073364034063,36.08671990612708,8622,天憬缘
历下-化纤厂路,济南,历下,1352.0,117.09496765178369,36.68005964952183,暂无,华诚小区
即墨-即墨,青岛,即墨,1370.0,120.46876285286608,36.39508278715576,9315,青岛锚链股份有限公司住宅楼
丰泽区-万达,泉州,泉州,1186.0,118.59415726487656,24.88554054261541,暂无,灯洲安置房
鹿城区-五马街,温州,温州,947.0,120.65566759976463,28.010299313175445,19214,金园大楼
下城-朝晖,杭州,下城,922.0,120.17110519545855,30.285719533239888,38272,朝晖四区
渝北-汽博中心,重庆,渝北,2241.0,106.58224833021013,29.65257408888909,16351,汇祥幸福里
昆山-千灯,苏州,昆山,855.0,121.01792763502732,31.249857126305407,11455,清华名城
南明区-钻石广场,贵阳,南明区,2475.0,106.72086297049238,26.563446551245306,10971,市南路12号
朝阳-北苑,北京,朝阳,4.0,116.42039350341604,40.027354084669035,暂无,红军营南路7号院
银海区-银海区,北海,北海,2129.0,109.16041591783043,21.42685660867221,17410,北背岭回建区一区
路南区-路南区,唐山,唐山,60.0,118.14083250536044,39.59405704720255,14185,金岸红堡 · 天著
沈河-方家栏,沈阳,沈河,467.0,123.49883695605223,41.76649848568236,7335,青阳四季花园
西城-陶然亭,北京,西城,3.0,116.3881404042684,39.88118653977365,32932,富力摩根中心
泉山区-云龙公园,徐州,徐州,833.0,117.1820797786658,34.248876683974736,12015,红军楼
虹口-北外滩,上海,虹口,797.0,121.49934479503919,31.25373886076672,暂无,福赐公寓
河西-挂甲寺,天津,河西,21.0,117.22797573851294,39.09462809176205,43813,花园伍座轩
南安市-南安中心,泉州,泉州,1196.0,118.40769844240309,24.959641632733444,7490,龙润湾美
庐江县-庐江县,合肥,庐江县,1030.0,117.26964099881135,31.25648503467943,暂无,长塘家园
鱼峰区-鱼峰区,柳州,柳州,2092.0,109.44375484092794,24.25749476929901,暂无,峻禄
胶州-胶州,青岛,胶州,1369.0,120.17339302901352,36.34173761220715,暂无,魏家屯小区
虹口-江湾镇,上海,虹口,797.0,121.47818088378034,31.304717420304762,暂无,丰镇路114号
